-75.5969804,6.174595,Envigado
-75.5818361,6.1938326,Aguacatala
-75.578113,6.211949,Poblado
-75.5756147,6.2300218,Industriales
-75.5731101,6.238535,Exposiciones
-75.5661286,6.2567836,Prado
-75.5632743,6.2639035,Hospital
-75.5657961,6.2694266,Universidad
-75.5694011,6.2783298,Caribe
-75.5645953,6.2903271,Tricentenario
-75.5584373,6.2998592,Acevedo
-75.555276,6.3159821,Madera
-75.5830205,6.2529792,Suramericana
-75.5882508,6.2532938,Estadio
-75.5978156,6.2587035,Floresta
-75.5155231,6.1597376,Terpel Alto Las Palmas
-75.502611,6.0572745,El Retiro
-75.5536411,6.3299795,Bello
-75.6177162,6.2554942,San Javier
-75.593845,6.265774,Los Colores
-75.5727495,6.2344028,Hospital General de Medellin
-75.5914233,6.1868153,Central Mayorista de Antioquia
-75.564708,6.3241201,Hospital Mental de Antioquia
-75.5689874,6.3313081,Universidad San Buenaventura
-75.56005,6.3178968,La Florida
-75.5597324,6.3218636,Barrio Obrero
-75.5617237,6.3201063,La Gran Avenida
-75.5514068,6.3196371,La Gabriela
-75.5562064,6.3325826,Manchester
-75.5658109,6.3311724,Salento
-75.5505536,6.3091661,Zamora
-75.5642247,6.3491372,Bellavista
-75.5678351,6.3418289,La Cumbre
-75.5613493,6.3354883,Santa Ana
-75.5481201,6.2950756,Popular
-75.5660108,6.2064874,Casa Kiwi
-75.4328757,6.3996182,Trapiche
-75.5700157,6.2107004,Carulla
-75.57863,6.1842195,Farmacia Pasteur
-75.5786901,6.1840233,Presto
-75.5788789,6.1836905,Davivienda
-75.5784927,6.1850131,Esso
-75.577909,6.180337,Condominio Natural Acanto
-75.6073595,6.242265,Colegio Corazonista
-75.6046129,6.2425209,Santa Clara de Asissi
-75.5698291,6.2359141,Exito San Diego
-75.5690309,6.2523129,Museo de Antioquia
-75.603649,6.2321537,EXITO Los Molinos
-75.611039,6.2442609,Santa Teresita
-75.5717085,6.1776841,San Jorge
-75.5746353,6.1792542,Colegio benedictinos
-75.5776652,6.1761652,Carrera 29
-75.6087222,6.2449354,Santa Rita de Cassia
-75.5729029,6.2363521,Perpetuo Socorro
-75.5729023,6.2355326,Perpetuo Socorro
-75.570748,6.2292869,Jumbo
-75.3802489,6.130047,San Antonio de Pereira
-75.5772014,6.198763,La Aguacatala
-75.5973184,6.2132889,La Mota
-75.5678299,6.2096417,El Poblado
-75.5857099,6.2018366,Guayabal
-75.5924906,6.2008127,La Colina
-75.5863794,6.2072805,Cristo Rey
-75.5848416,6.2133096,Campo Amor
-75.5681261,6.2516598,Palacio de la Cultura
-75.5671563,6.2524021,Hotel Nutibara
-75.5674395,6.2498851,Iglesia de La Candelaria
-75.5660413,6.2501082,Edificio Coltejer
-75.5703445,6.2490396,Palacio Nacional
-75.5873189,6.2396232,Banco Av Villas
-75.5863053,6.2407805,Cinecolombia Unicentro
-75.5992094,6.2621396,Calasanz
-75.601404,6.2564077,La Floresta
-75.6136681,6.2656235,Juan XXIII
-75.6134063,6.2567274,San Javier
-75.6139982,6.2753586,Vallejuelos
-75.6141666,6.2809444,La Aurora
-75.5840957,6.1965414,Texaco Calle 12 Sur
-75.5589701,6.2386882,Gerona
-75.5752198,6.2536658,Texaco
-75.5692105,6.2446664,Iglesia de San Antonio
-75.5641392,6.2461294,Iglesia de San Ignacio
-75.5731751,6.240736,Calle Nueva
-75.5643604,6.2626159,Capilla Hospital Universitario
-75.5645319,6.266605,Sevilla
-75.5623003,6.2599757,Prado
-75.5633904,6.254558,Villa Nueva
-75.5733296,6.2546433,San Benito
-75.5704868,6.2622118,El Chagualo
-75.5576218,6.2480409,Boston
-75.5731855,6.2487324,Guayaquil
-75.5678107,6.2327583,Barrio San Diego
-75.5652592,6.2407197,Las Palmas
-75.5736745,6.2540695,Iglesia de San Benito
-75.5817584,6.2420823,Los Conquistadores
-75.5713944,6.2429421,Alpujarra
-75.6011007,6.241752,Las Acacias
-75.5958221,6.2419995,Laureles
-75.6009977,6.2502415,Mobil
-75.5924501,6.2460502,Esso Laureles
-75.5965412,6.2422342,Santa Teresita
-75.573011,6.2103268,Astorga
-75.5725591,6.2136692,Manila
-75.5706279,6.2193177,Villa Carlota
-75.5719699,6.227259,Colombia
-75.6054185,6.2402256,La Castellana
-75.6018197,6.2291389,La Palma
-75.6012448,6.2256211,La Gloria
-75.60309,6.2186012,Loma de Los Bernal
-75.6039942,6.2323626,Cinecolombia Los Molinos
-75.6093621,6.2357328,Las Mercedes
-75.6004829,6.2363534,Miravalle
-75.5973072,6.2374028,El Nogal-Los Almendros
-75.6089545,6.2477899,Barrio Cristobal
-75.6134314,6.2533563,Campo Alegre
-75.6171654,6.2482182,Belencito
-75.565695,6.181212,San Lucas
-75.5576286,6.1969259,Terpel El Tesoro
-75.5591306,6.1982997,Cinemark El Tesoro
-75.5598566,6.1969798,Carulla
-75.5562535,6.2029128,Barrio El Tesoro
-75.565609,6.2046023,La Florida
-75.5587597,6.1959073,Los Naranjos
-75.5703641,6.1953442,Los Balsos No. 2
-75.5612059,6.1892687,Los Balsos No. 1
-75.5569672,6.2103363,Las Lomas No. 2
-75.5510621,6.210524,Altos del Poblado
-75.5614047,6.2108312,Las Lomas No. 1
-75.5649409,6.2130838,Lalinde
-75.5677819,6.2189457,Castropol
-75.5182187,6.1588005,Las Palmas
-75.5156161,6.3280192,Guarne
-75.5155995,6.3278243,Guarne
-75.5757604,6.2730858,Everfit
-75.5954125,6.2450033,El Corral
-75.5673795,6.2089438,Pizza 1969
-75.5679974,6.2075615,Triada
-75.5679803,6.2076127,Discoteca Oz
-75.5677829,6.2084831,Barcelona Restaurante Bar
-75.5671048,6.2088671,Thaico
-75.5687571,6.2091643,Tropical Cocktails
-75.5758199,6.1996913,Carulla Oviedo
-75.5756922,6.199855,CineColombia Oviedo
-75.5932427,6.2447062,Casa Hotel Laureles
-75.5945559,6.2446038,Pomona
-75.6091329,6.2199877,Colegio Padre Manyanet
-75.5810139,6.2682497,Cerro El Volador
-75.6065786,6.2442641,El Molino
-75.6060207,6.2457999,Donoto
-75.6097037,6.2435347,Pandorado
-75.5645579,6.2488833,SOMA
-75.5952593,6.2447784,McDonald's
-75.5982786,6.2167681,McDonald's
-75.5739113,6.1995319,McDonald's
-75.588128,6.1791251,McDonald's
-75.5693985,6.2358612,McDonald's
-75.5950116,6.2450208,Crepes & Waffles
-75.6036337,6.2330708,Crepes & Waffles
-75.6035994,6.2328148,J&C Delicias
-75.6016644,6.2309453,Balcones de la 80
-75.5644465,6.2522446,Lido
-75.4785058,6.1707672,La posada de Posada
-75.5327719,6.1540512,Indiana Center
-75.5447757,6.1537002,Texaco
-75.5443122,6.2031929,Colegio San jose del
-75.5694864,6.2225791,Terpel
-75.5702381,6.2116417,Esso
-75.5543802,6.2071009,Montana
-75.5690601,6.2094353,ArtHotel
-75.629232,6.2707654,Ficus
-75.6293287,6.2709185,Ficus
-75.6292341,6.2707463,Ficus
-75.6293806,6.2709213,Ficus
-75.6292489,6.2707127,Ficus
-75.6292757,6.27069,Ficus
-75.3316182,6.0750879,Hospital
-75.3345129,6.0847134,Coliseo
-75.6293079,6.271328,077
-75.6297284,6.270894,Ficus
-75.6294006,6.2707663,Loma Hermosa
-75.6015557,6.2672638,Iglesia San Matias Apostol
-75.5730624,6.2866951,Francisco Zea
-75.5706205,6.2866044,Castilla
-75.5271759,6.3452025,Niquia
-75.5271231,6.3448747,Niquia
-75.5432821,6.3389377,Exito de Bello
-75.716667,6.15,Morro Bonito
-75.666667,6.15,Alto de Piedra
-75.8,6.116667,Alto Caracol
-75.65,6.216667,Cuchilla del barcino
-75.716667,6.2,Alto Roblal
-75.8328534,6.2833703,Alto Sainal
-75.733333,6.266667,Alto Canoas
-75.633333,6.233333,Alto Los Jaramillos
-75.683333,6.25,Alto Las M
-75.85,6.233333,Alto Leoncito
-75.4,6.066667,Alto El Capiro
-75.466667,6.033333,Alto Silencio
-75.45,6.116667,Alto Olivares
-75.366667,6.25,Alto Chocho
-75.3,6.3,Alto La Honda
-75.316667,6.316667,Alto de Abejorros
-75.566667,6.166667,Alto La Palma
-75.433333,6.216667,Alto Gordo
-75.483333,6.166667,Alto del Tablazo
-75.7,6.366667,Alto Contento
-75.733333,6.383333,Alto Gallo
-75.3,6.333333,Alto San Gervacio
-75.5,6.433333,Alto Palma
-75.816667,6.066667,Cerro Vetas
-75.816667,6.133333,Alto La Herradura
-75.85,6.316667,Alto Jaramillo
-75.733333,6.3,Alto Miraflores
-75.833333,6.216667,Loma Iracal
-75.716667,6.166667,Alto los Azules
-75.7,6.3,Alto Venteadero
-75.366667,6.016667,Alto del Burro
-75.483333,6.15,Alto La Marta
-75.583333,6.016667,Alto San Miguel
-75.516667,6.166667,Alto El Chagualo
-75.5,6.2,Alto San Ignacio
-75.483333,6.35,Alto de Umbi
-75.35,6.433333,Alto Chorrera
-75.283333,6.433333,Alto Ventanas
-75.533333,6.416667,Alto Quitasol
-75.5876781,6.2469326,Iglesia de San Joaquin
-75.4976568,6.2093495,Biblioteca Santa Elena
-75.49822,6.209463,Santa Elena
-75.636919,6.2718554,Hogar comunitario ICBF - Caritas alegres
-75.6369392,6.2718987,Hogar comunitario ICBF - Capullos
-75.6369214,6.2719098,Hogar comunitario ICBF - Pichones
-75.6368944,6.271921,Hogar comunitario ICBF - Las Lucesitas
-75.636904,6.2719331,Hogar comunitario ICBF - Los tronquitos
-75.633204,6.2716699,Hogar comunitario ICBF - Pichones
-75.629977,6.2708602,Hogar comunitario ICBF - Chiquilladas
-75.6297358,6.2703265,Hogar comunitario ICBF - Mi buen hogar
-75.6293535,6.2706141,Ficus
-75.6293206,6.2706305,Ficus
-75.6293312,6.2706124,Ficus
-75.6293037,6.2706416,Ficus
-75.6292874,6.2706571,Ficus
-75.6293038,6.2706597,Ficus
-75.6292976,6.2706748,Ficus
-75.6292652,6.2706875,Ficus
-75.6292384,6.2707272,Ficus
-75.6297912,6.270911,Ficus
-75.6294573,6.2708845,Ficus
-75.6294092,6.2709091,Ficus
-75.6294352,6.2709259,Ficus
-75.6297599,6.270919,Ficus
-75.629492,6.2708925,Ficus
-75.6296159,6.2708941,Ficus
-75.62954,6.2709135,Ficus
-75.6295935,6.2709214,Ficus
-75.6296542,6.2709185,Ficus
-75.5595185,6.3364448,Casa Museo Marco Fidel Suarez
-75.5600681,6.3364769,Biblioteca Marco Fidel Suarez
-75.5575728,6.3170991,Tienda Metro
-75.5518462,6.309412,Hospital Zamora
-75.7870459,6.0150453,El Guamo
-75.8051746,6.0356143,La Margarita
-75.7910866,6.0745183,SITIO VIEJO
-75.8068337,6.146003,LA HERRADURA
-75.692421,6.017937,Castillo
-75.705583,6.056969,Gurali
-75.716325,6.03004,Bellavista
-75.682587,6.063777,Alto De Nicanor
-75.7005113,6.0232448,Camiloce
-75.720561,6.058936,Cuesta Vieja
-75.730394,6.029435,San Jose
-75.6888492,6.0289904,Danilocal Restrepo
-75.7187149,6.0464218,El Silenero
-75.612615,6.051177,La Clara
-75.641265,6.0611522,La Tolva
-75.649518,6.0593195,LA QUIEBRA
-75.6250359,6.0492737,LA SALADA PARTE BAJA
-75.6195971,6.0492077,LA CLARA
-75.6449221,6.0470028,La Escondida
-75.6535216,6.0330577,Guacamayal
-75.742951,6.068164,Cuchilla Del Cedro
-75.6984151,6.0674556,La Clarita
-75.7531143,6.0740156,Albania
-75.6353286,6.070012,PRIMAVERA
-75.6356917,6.0918609,Caldas
-75.618703,6.078208,Los Cerezos
-75.587288,6.104509,La Escondida
-75.6488023,6.0934076,LA VALERIA
-75.6219904,6.1031086,La Miel
-75.667895,6.102439,La Valeria
-75.6391894,6.1383643,PUEBLO VIEJO
-75.6434368,6.1576944,La Estrella
-75.6392,6.1383,Pueblo Viejo
-75.6021806,6.1425483,LA LOMITA
-75.6153554,6.1522225,Sabaneta
-75.6112413,6.1387613,LA DOCTORA
-75.6089102,6.1420177,SAN ISIDRO
-75.642301,6.1207717,SAN MIGUEL
-75.6301955,6.1396147,PAN DE AZUCAR
-75.8838461,6.1917976,Saladero
-75.873578,6.173474,El Moro
-75.8620813,6.1551117,El Morito
-75.85446,6.211109,Cangrejo
-75.877191,6.23941,Cuchilla Calabacera
-75.8370631,6.1819249,Alto La Pominica
-75.8019479,6.1839443,La Union
-75.7994798,6.193817,La Primavera
-75.77233,6.1662184,Cerro Mojones
-75.7870472,6.1561777,Armenia
-75.7625695,6.2260153,La Gueva
-75.7705349,6.2052603,Alto Del Corral
-75.7677302,6.2165914,El Totumal
-75.7726417,6.2234049,La Pava
-75.829059,6.2142147,Alto Rumason
-75.8201226,6.2366733,Casa Vieja
-75.8295465,6.2345417,La Empresa
-75.8835095,6.2743688,La Aguada
-75.8845192,6.2623646,Alto Morro Verde
-75.8734125,6.2651693,Cuchilla Morro Verde
-75.8638764,6.2900753,Los Polines
-75.7622239,6.2796005,La Clara
-75.8038551,6.2526041,Palo Blanco
-75.7910656,6.2403755,La Colombiana
-75.7787248,6.2803149,Tamachal
-75.7933094,6.2817733,Palenque
-75.8027332,6.2697691,La Primavera
-75.8361656,6.2665156,Mosquito
-75.803182,6.3279953,Loma Paboncito
-75.8390826,6.3176739,Alto Paboncito
-75.7754713,6.3218249,Fatima
-75.8144009,6.3018552,La Pimpolla
-75.7846994,6.2944936,SEVILLA
-75.7363172,6.158253,Guamal
-75.740917,6.1889928,Alto De Bogota
-75.71186,6.1626284,Alto Los Azules
-75.7350832,6.1654331,Pekin
-75.7274543,6.1742961,El Ocaso
-75.6865052,6.1751936,Alto El Silencio
-75.68931,6.1886563,Cuchilla Romeral
-75.6749497,6.1620674,Alto Romeral
-75.7221075,6.1674794,Pueblito
-75.7469752,6.2204058,El Tablazo
-75.7415901,6.2150207,Alto El Tablazo
-75.7042311,6.2045871,Alto Las Cruces
-75.7334003,6.2319613,Santa Isabel
-75.7282396,6.2024556,El Morrillo
-75.6706517,6.2118482,El Salado
-75.7005289,6.238917,San Isidro
-75.7339685,6.2076404,Heliconia
-75.6314203,6.1917976,Cuchilla Piedra Gorda
-75.5863203,6.1588139,Trianon
-75.5877787,6.1633015,El Naranjo
-75.6206392,6.175524,Olivares
-75.6158381,6.1768431,LA LOMA DE LOS ZULETA
-75.6626089,6.1711548,Vereda La Florida
-75.6491971,6.1808644,San Antonio de Prado
-75.616387,6.2188352,Alta Vista
-75.6022511,6.1976314,Loma De Ajisal
-75.6464537,6.2227618,Cerro Montandelo
-75.6451074,6.2061578,Cuchilla El Barcino
-75.6712475,6.2357758,Las Nieves
-75.625769,6.2325094,Aguas Frias
-75.6290028,6.2219866,ALTAVISTA
-75.6167957,6.2002018,MANZANILLO
-75.736766,6.2624768,La Maria
-75.7406926,6.2554089,Llanos De San Jose
-75.7402439,6.2812124,Mureupal
-75.6971632,6.2619158,Los Vallados
-75.6860565,6.2575405,Alto De Canoas
-75.6917781,6.3073525,Ventiadero
-75.7422633,6.301743,El Sucre
-75.7386732,6.3253027,Alto Buenavista
-75.7513506,6.3057818,Juan Capitan
-75.7189279,6.2859243,Las Cuchillas
-75.7093918,6.2887291,La Cuchilla
-75.7166841,6.3055574,Arboleda
-75.7457411,6.2986017,El Cedro
-75.6881881,6.2947873,La Frisola
-75.7106259,6.2931044,El Cahquiro
-75.6925634,6.3167764,Alto De La Sierra
-75.7038946,6.3016308,La Cabuyera
-75.7105137,6.310606,La Botella
-75.6569995,6.2822221,La Culebra
-75.6545313,6.2575405,La Palma
-75.6646283,6.2467703,Alto Del Corazon
-75.6633942,6.2641596,Alto El Pillon
-75.6359885,6.2782469,SAN CRISTOBAL
-75.6317569,6.2403755,Horizontes
-75.6511744,6.2727656,El Patio
-75.6194161,6.3218249,Sabana Larga
-75.6563263,6.2867097,Lsa Playas
-75.6600286,6.3089231,Las Flores
-75.595209,6.3218,Potrerito
-75.6284362,6.2879026,PEDREGAL ALTO
-75.6421783,6.2865926,Travesias
-75.609363,6.325844,La Palma
-75.6136944,6.3027527,La Ilusion
-75.6157138,6.3120644,Alto El Chuscal
-75.6457805,6.3226102,Cerro De Las Baldias
-75.573572,6.017829,Cuchilla San Antonio
-75.5109329,6.0485135,La Pradera
-75.5062845,6.048746,San Jose
-75.5182541,6.0407275,La Cecilia
-75.5402176,6.0428193,Los Duraznos
-75.5284805,6.0489784,El Hallazgo
-75.4317525,6.0307276,La Ceja
-75.4566632,6.0418896,El Bosque
-75.4697948,6.047119,Porcicola
-75.4529445,6.023761,Cerro La Argentina
-75.4453909,6.0320118,Cerro La Bolsa
-75.4504096,6.1450487,El Tablazo
-75.584122,6.098177,La Pomera
-75.4963522,6.0884113,La Fe
-75.4730668,6.088877,Don Diego
-75.580979,6.0666928,Cuchilla San Antonio
-75.433659,6.074385,La Escondida
-75.424653,6.09305,Buenavista
-75.423087,6.074776,La Playa
-75.450106,6.111846,La Chancha
-75.425958,6.120852,Llano Grande
-75.448148,6.111193,El Chacho
-75.441621,6.105059,El Buen Genio
-75.434442,6.128423,Santa Lucia
-75.287485,6.050248,El Dragal
-75.320182,6.049182,La Chapa
-75.34826,6.049893,Milagrosa
-75.322929,6.0567283,Morro Los Robles
-75.2935055,6.0397978,Alto Rosario
-75.3374326,6.0392168,Alto El Presidio
-75.3549802,6.0388682,Alto Guasimal
-75.3715981,6.0173695,Alto Del Burro
-75.377581,6.074061,Aguas Claras
-75.38078,6.099295,Veragua
-75.380247,6.093253,Mellarka
-75.375449,6.103204,La Selva
-75.360166,6.104448,Cristo Rey
-75.405335,6.069425,Santa Teresa
-75.395676,6.075168,El Capiro
-75.406771,6.100882,Vilachuaga
-75.3906408,6.1069745,San Antonio
-75.3752681,6.0884113,Aguas Claras
-75.3353501,6.0833063,El Carmen de Viboral
-75.403116,6.073079,Los Castros
-75.396459,6.090962,El Hoyito
-75.396589,6.082477,La Margarita
-75.350215,6.136613,La Pradera
-75.348082,6.114044,El Encanto
-75.35057,6.129505,La Victoria
-75.4036931,6.1287282,Llano Grande
-75.3741691,6.1536166,Rionegro
-75.310053,6.096096,El Bosque
-75.297614,6.072284,Viboral
-75.315384,6.07566,Betania
-75.321782,6.094674,La Aurora
-75.314496,6.10196,Rivera
-75.5874132,6.1701345,Envigado
-75.5504197,6.1650965,El Escudero
-75.5646677,6.1731742,Loma Esmeralda
-75.5754379,6.1916854,Loma De Los Balsos
-75.5344275,6.1532798,Las Palmas
-75.5386398,6.1693597,San Joaquin
-75.5059928,6.1563458,El Salado
-75.5079,6.1690232,La Explanada
-75.5205774,6.1727254,La Rubiela
-75.5240552,6.1691354,El Rodeo
-75.5347132,6.1821493,Braca Monte
-75.5357229,6.1769886,Las Palmas
-75.5122754,6.1933682,Los Nomos
-75.5116022,6.1894416,La Escondida
-75.5064415,6.1758667,Perico
-75.5110413,6.1845053,La Marta
-75.5099194,6.1796811,Aranzazu
-75.5249528,6.1769886,Las Mercedes
-75.538752,6.1980802,Bucarica
-75.528655,6.2046993,El Plan
-75.5795159,6.2346446,Cerro Nutibara
-75.5324694,6.2084016,La Presidenta
-75.5098072,6.2000996,El Diamante
-75.5680891,6.2018834,Loma De Las Parras
-75.5206896,6.2078406,Plan
-75.5223724,6.214572,Patio Bonito
-75.5081244,6.2051481,Paisandu
-75.555356,6.2291566,La Esmeralda
-75.5142948,6.2373464,La Ceiba
-75.4169145,6.1941536,La Parsela
-75.4064443,6.1518832,Barro Blanco
-75.4302651,6.1744082,El Socorro
-75.4505713,6.1812518,Jamaica
-75.4626877,6.1962851,Bellavista
-75.4385671,6.1536532,Pozo Rubio
-75.4482153,6.1675647,Candilejas
-75.4725604,6.1682378,La Victoria
-75.4726726,6.1792324,San Antonio
-75.4626877,6.1843931,Tucuman
-75.4698678,6.1638625,Manuelita
-75.4648193,6.1768764,La Palma
-75.4823208,6.1717157,El Cebadero
-75.4672875,6.234766,Carco Hondo
-75.442246,6.218235,Canos
-75.478117,6.221153,La Palma
-75.4257775,6.1977436,La Maria
-75.4116,6.19695,Carmin
-75.4970176,6.2284835,Tres Puertas
-75.480176,6.213601,Los Tambores
-75.4980407,6.2105174,Santa Elena
-75.456491,6.204162,La Majala
-75.442246,6.229735,Bella Vista
-75.472968,6.20399,Betania
-75.5154167,6.2476678,El Rosario
-75.5038612,6.2407121,El Cerezo
-75.5086853,6.2870462,Piedras Blancas
-75.5710625,6.3217127,La Gran Avenida
-75.4999812,6.290424,Piedras Blancas
-75.5332692,6.3031732,El Pinal
-75.523577,6.324057,Las Salinas
-75.498825,6.304616,San Felipe
-75.510617,6.309609,Guarane
-75.4211777,6.2541748,Buenos Aires
-75.4328454,6.2633743,Villa Lucia
-75.4496738,6.2413852,Villa Lina
-75.4814233,6.245424,Piedra Gorda
-75.4426875,6.2800171,Guarne
-75.416501,6.245525,La Ramada
-75.444477,6.251017,Normandia
-75.486184,6.272471,El Socorro
-75.466961,6.289977,El Salado
-75.437097,6.298387,El Sango
-75.435552,6.322416,Romeral
-75.469611,6.326181,La Lucha
-75.495213,6.318958,El Presidio
-75.496275,6.325119,El Cabuyal
-75.4200558,6.3203664,Los Pantanos
-75.4134367,6.3085866,La Choza
-75.4171389,6.3038746,Barro Blanco
-75.44743,6.3267612,Alto De La Virgen
-75.420168,6.2994992,Villa Catalina
-75.351396,6.1659941,La Vega
-75.4027787,6.1607212,La Bodega
-75.354313,6.193817,Dos Erres
-75.409773,6.174369,El Manzano
-75.404943,6.163926,El Valle
-75.3756682,6.2314342,La Porquera
-75.3975058,6.2189474,Toldas
-75.3483669,6.2281469,Las Hojas
-75.3342311,6.2380195,Porquera
-75.3552352,6.2052381,La Primavera
-75.3737217,6.2075041,Garrido
-75.362054,6.2076163,Santa Cruz
-75.3410746,6.2136745,Los Gangazos
-75.3406259,6.2036896,Bella Vista
-75.3933548,6.2105332,Emilandia
-75.3406259,6.2048115,El Ocaso
-75.3366992,6.221079,Cristalina
-75.3627271,6.2171523,El Recreo
-75.3425331,6.2318491,El Tesoro
-75.406379,6.209611,El Hoyo
-75.2844191,6.1755301,Alto Mercado
-75.3130273,6.1735107,Cascarillo
-75.3107835,6.1630771,San Jose
-75.289131,6.2082894,Yolombo
-75.2848678,6.220518,El Bosa
-75.2863263,6.230615,Salto Arriba
-75.3112323,6.2096357,Santa Ana
-75.3116811,6.2294932,Vella Vista
-75.359196,6.261818,Chaparral
-75.406546,6.247928,El Colorado
-75.3409624,6.2824465,San Vicente
-75.3492644,6.2528285,Campo Alegre
-75.3326525,6.2856996,San Vicente
-75.3429384,6.2900356,La Enea
-75.367606,6.29396,Santa Rita
-75.398651,6.298216,Guaronte
-75.3917915,6.3208114,Yolombal
-75.3691219,6.3218249,Las Cruces
-75.3736095,6.3051087,El Potrero
-75.3556592,6.3003967,San Antonio
-75.3731607,6.2974798,La Fonda
-75.2944039,6.2474434,Salto Abajo
-75.302013,6.276207,La Floresta
-75.300518,6.30293,Los Puentes
-75.3099982,6.3219371,La Travesia
-75.3078666,6.3103816,El Colmillo
-75.8627545,6.3466187,Cerro Moro
-75.884407,6.3442627,Cuchilla Larga
-75.8673542,6.3726466,Pantanillo
-75.8649983,6.3907091,Los Pirves
-75.7894949,6.3318097,Sierra De Quimara
-75.7627939,6.3406727,Campo Alegre
-75.8315659,6.339663,Alto El Picacho
-75.7664961,6.3800511,Los Naranjos
-75.7951044,6.3994598,Alto Las Sepulturas
-75.7659352,6.4070887,Guayabal
-75.7952166,6.3783682,Alto La Pionera
-75.8198982,6.3923919,Cuchilla Morron
-75.8794707,6.4551057,La Ceiba
-75.8740856,6.4328922,El Alto De Franco
-75.8706077,6.4895478,Loma Jaque
-75.867803,6.4751875,Loma El Guanabano
-75.8866508,6.4764216,La Brisa
-75.8776756,6.4678952,La Quiebra
-75.8615204,6.4693537,Guasima
-75.8554622,6.4700268,Loma La Mesa
-75.821268,6.4783656,SAN NICOLAS
-75.7777151,6.4957182,La Recta
-75.7772663,6.4919037,Guayabal
-75.8321268,6.4830408,Cerro Obregon
-75.8175722,6.4727834,San Nicolas
-75.8323512,6.4737291,Obregon
-75.6908,6.3439,San Sebastian de Palmitas
-75.728464,6.3524525,El Brasil
-75.7291371,6.3459456,La Suiza
-75.7325098,6.3398423,BRASIL
-75.7034458,6.340897,La Aldea
-75.7106259,6.3431408,El Guamal
-75.7537066,6.3769098,El Retiro
-75.7288006,6.3809486,Sagua
-75.6898709,6.3967673,La Palma
-75.6933488,6.3934016,Cuchilla El Encanto
-75.7082699,6.4149419,Las Brisas
-75.7023239,6.3725344,La Florida
-75.6358249,6.331501,Alto De Boqueron
-75.6725938,6.349199,Chuscal
-75.6626089,6.3352876,El Tambo
-75.627055,6.353899,Pantano
-75.60772,6.344547,San Felix
-75.631352,6.347707,La Medina
-75.638682,6.362745,El Salvador
-75.6242402,6.3752269,La Meseta
-75.6465202,6.3954935,OVEJAS (CAPILLA)
-75.617072,6.37374,La Remingia
-75.592176,6.397372,Casa Blanca
-75.611006,6.398763,La Meseta
-75.60456,6.382966,Alto El Silencio
-75.6820177,6.4353604,Cienaguita
-75.7578576,6.4217855,El Hoyo
-75.7351953,6.4218977,Loma Hermosa
-75.6867508,6.4928852,Los Cedros
-75.7015947,6.4648661,Alto El Guayabo
-75.6825225,6.4625102,Alto El Cuervo
-75.6828591,6.4936988,La Curia
-75.5868812,6.4343507,San Pedro
-75.5899103,6.4322191,El Tambo
-75.6382639,6.4261608,Pantanillo
-75.6577883,6.4599178,Poleal
-75.6658624,6.4192051,Morro Pan De Azucar
-75.5914249,6.4883137,La Matica
-75.5945662,6.4945963,San Juan Zapata
-75.5955759,6.4847236,Las Maluchas
-75.6398906,6.4707,Espiritusanto
-75.602195,6.4678952,San Francisco
-75.6009609,6.483153,La Mulata
-75.6065704,6.4804604,La Tapada
-75.6172284,6.4851724,San Martin
-75.5933871,6.4872389,La Lana
-75.5081244,6.3380923,Misericordias
-75.560708,6.363756,Tierra Adentro
-75.514441,6.3629378,El Noral
-75.498506,6.341373,Penolcito
-75.5080262,6.3461047,Copacabana
-75.524321,6.334892,El Convento
-75.5487369,6.3913822,Alto De Medina
-75.5398995,6.4064622,El Espinal
-75.516459,6.394382,La Veta
-75.515641,6.3762366,La Vaca
-75.531011,6.3830802,Chorrillo
-75.5625361,6.3975526,Loma De Meneses
-75.582445,6.393328,Alto Sepultura
-75.565889,6.385114,Cerro Quita Sol
-75.411589,6.367694,Encenillo
-75.470075,6.347979,Juan Cojo
-75.474412,6.354945,El Salado
-75.435115,6.343511,Palmar
-75.480447,6.35667,El Salado
-75.482678,6.33213,La Tienda
-75.4185974,6.3293416,El Jardin
-75.481509,6.401077,Curazao
-75.490735,6.3848752,El Reodo
-75.451412,6.399368,La Mata
-75.466658,6.373608,El Totumo
-75.4198315,6.39127,San Diego
-75.4514329,6.4086095,Zona Rural De Girardota
-75.4445913,6.377645,Girardota
-75.5826741,6.461837,El Tejar
-75.5827863,6.4714853,San Luis
-75.5797572,6.4663246,Establo
-75.519736,6.4710365,La Colmena
-75.5128924,6.4899965,La Palma
-75.4838354,6.4751875,Pretel Munera
-75.5471101,6.463632,San Pedro
-75.5425104,6.4726072,Piedras Blancas
-75.5273648,6.4648661,La Teresita
-75.5831229,6.4939231,Los Ochoa
-75.5561678,6.461083,San Pedro
-75.4554183,6.4909433,Rio Chico
-75.4701483,6.4625102,Jaramillo
-75.4627438,6.4895478,Abejorral
-75.3231578,6.3339094,San Jose
-75.3231244,6.3452724,El Calvario
-75.352656,6.342734,San Ignacio
-75.392988,6.345071,Ovejas
-75.34186,6.3466187,San Nicolas
-75.3746192,6.3518916,Caliche
-75.385165,6.3386533,El Cardenillo
-75.3389012,6.3761247,Alto San Garvasio
-75.397513,6.404386,San Eugenio
-75.3408502,6.3839777,La Palma
-75.408566,6.377025,El Venado
-75.359383,6.37226,Planillo
-75.4045737,6.3826314,Platanito
-75.3286216,6.3941869,La Chapa
-75.378718,6.384815,El Rodeo
-75.3934569,6.4117068,EL HATILLO
-75.2838581,6.3299025,El Canelo
-75.312547,6.399882,Quintero
-75.2930576,6.3735441,La Cejita
-75.347962,6.45782,Buga
-75.3313779,6.4370185,Barbosa
-75.372194,6.435763,La Esa
-75.3433697,6.4823585,Alto De Matasanos
-75.339419,6.466053,La Playa
-75.360544,6.464965,San Francisco
-75.35899,6.4791,Matasano
-75.3827529,6.470139,Ibarra
-75.3858942,6.4736169,Gaviria
-75.3886989,6.4969522,San Carlos
-75.3041588,6.4561115,Yarumito
-75.296858,6.425977,La Chapa
-75.313168,6.492614,La Celda
-75.2835,6.464965,La Herradura
-75.5935303,6.2433185,Pepe Ganga Nutibara
-75.5922857,6.2420174,El colombiano
-75.5921892,6.2457302,Manyare
-75.5982319,6.2489652,La Consolata
-75.5981997,6.2480053,Estacion de Servicio
-75.5770971,6.2622292,Cafeteria Central
-75.5774564,6.2598723,La Iguana
-75.6440163,6.1577638,Iglesia
-75.6427907,6.1576076,La Estrella
-75.5786652,6.2564303,Centro Cultural Facultad de Artes U de A
-75.5868068,6.2382314,Exito - Super
-75.6297237,6.270638,bibliotecalaloma
-75.5918405,6.2628529,Cuarta Brigada
-75.5508107,6.244864,ITM-Fraternidad
-75.5852276,6.2522658,Multicine Jumbo 65 - Royal Films
-75.572593,6.1971231,Hotel Medellin Royal
-75.5729083,6.2007663,Farmacia Pasteur
-75.578611,6.25,Fundicion Gutierrez Heliport
-75.576389,6.246944,Fundicion Escobar Heliport
-75.5681555,6.2490383,Banco De La Republica Heliport
-75.572222,6.200556,Isa Medellin Heliport
-75.570833,6.252222,Banco Popular Heliport
-75.568357,6.1809121,San Lucas Plaza
-75.6102752,6.2624574,Casa Kleper
-75.5952196,6.2108162,Claudio Express Pollos
-75.6021726,6.2143052,Mercado Multimerca
-75.595284,6.2112934,Soft Touch
-75.6019784,6.2145048,Restaurante Antojitos
-75.6021652,6.2145207,Montallantas
-75.595217,6.2110855,Pizzotas
-75.5970321,6.210331,Kalamary cuarta etapa
-75.5915229,6.2084313,Terpel El Rodeo
-75.5938302,6.2096466,El Rodeo
-75.5836994,6.2484539,DANE
-75.5916503,6.2497376,Botica Junin
-75.5861499,6.2487324,Mobil San Juan
-75.5830929,6.2498026,CORANTIOQUIA
-75.5988282,6.2192068,Mascotas y Amigos
-75.5837478,6.2545314,Salud y Bienestar Animal
-75.5895961,6.2491943,Intermedica Medicina Alternativa
-75.5831135,6.2486196,ESSO la 65
-75.5807951,6.1823823,AVANTEL
-75.5861831,6.1755441,Mimos
-75.5855862,6.2037904,Terpel de la 80
-75.5853826,6.1769038,ESSO Envigado
-75.5858987,6.175762,San Marcos
-75.5755259,6.2307798,Torniquetes Metro
-75.5765412,6.1947182,Muebles Juventud
-75.5694953,6.2472379,Farmacia Pasteur
-75.5781105,6.1948324,Unidad Renal
-75.5777441,6.1948723,Quirustetic
-75.587976,6.1716836,La Rebaja
-75.5970315,6.214306,Farmacia La Rebaja
-75.5872069,6.1716493,Exito Vecino
-75.6044669,6.1590978,Altos de Mayorca
-75.6053147,6.1620382,Paradero Busetas Metro Sabaneta
-75.6052746,6.1621601,Acopio Taxis
-75.6049914,6.1572408,Parqueadero Car
-75.604512,6.1575952,Bosques de Mayorca
-75.6035137,6.159306,Alquiler de vestidos
-75.5744504,6.1960859,Acceso Aguacatala
-75.5739161,6.1982828,Panamericana
-75.5795196,6.2320365,Universal Landers
-75.5737252,6.1973314,Acceso Calle 7 Sur
-75.5798112,6.2322171,ESTRA PLASTICOS
-75.5707658,6.2838015,Terpel
-75.5598409,6.3086997,TERPEL
-75.5557095,6.309477,Mobil
-75.5698924,6.2865736,ESSO
-75.569586,6.2875077,TEXACO
-75.4258288,6.2518373,Los Comuneros Mall
-75.289209,6.1338774,Rancho Grande
-75.35151,6.1749792,TERPEL
-75.4644149,6.3177172,TEXACO
-75.5962296,6.2308554,Compraventa La 30
-75.4567726,6.3025845,TERPEL
-75.5038265,6.3110307,Restaurante Piedras Blancas
-75.4223849,6.2459228,ZEUSS
-75.3318057,6.1688238,TEXACO
-75.4730301,6.324883,Venta de Aceite
-75.4326008,6.2540599,Zona de Estaderos
-75.5765951,6.2159468,Parqueadero Home Center
-75.5698144,6.2114138,Carulla
-75.5630767,6.2079474,Cinema Vizcaya
-75.563066,6.2082247,Vizcaya
-75.5554089,6.3159889,Madera
-75.5694321,6.278334,Caribe
-75.5646101,6.2903448,Tricentenario
-75.5756496,6.2300232,Industriales
-75.5661535,6.2567915,Prado
-75.5632983,6.2639132,Hospital
-75.5818683,6.1938406,Aguacatala
-75.571429,6.2429461,Alpujarra
-75.5537078,6.3300472,Bello
-75.5731365,6.238539,Exposiciones
-75.5970503,6.1746777,Envigado
-75.5781561,6.2119245,Poblado
-75.5585991,6.2999258,Acevedo
-75.5696706,6.2471865,San Antonio
-75.5697001,6.2471998,San Antonio
-75.5658074,6.2694045,Universidad
-75.5969397,6.1747401,Envigado
-75.5817801,6.193933,Aguacatala
-75.5780652,6.2120493,Poblado
-75.5755474,6.2305998,Industriales
-75.5730646,6.2385961,Exposiciones
-75.5712874,6.2430916,Alpujarra
-75.5696485,6.247251,San Antonio
-75.5661054,6.2568842,Prado
-75.5632542,6.2640137,Hospital
-75.5659041,6.269458,Universidad
-75.5694642,6.2781086,Caribe
-75.5645068,6.2904324,Tricentenario
-75.5584557,6.3000381,Acevedo
-75.555339,6.3161565,Madera
-75.5535794,6.3301391,Bello
-75.5696776,6.2471523,San Antonio
-75.5751073,6.2490053,Cisneros
-75.5750958,6.2490478,Cisneros
-75.5751386,6.2490401,Cisneros
-75.5829681,6.2529776,Suramericana
-75.5829489,6.2530044,Suramericana
-75.5882312,6.2533596,Estadio
-75.5882362,6.2533236,Estadio
-75.5977105,6.2586547,Floresta
-75.5977003,6.2586974,Floresta
-75.6137835,6.2568632,San Javier
-75.6134308,6.2566824,San Javier
-75.6136178,6.2656227,Juan XXIII
-75.6137711,6.2656223,Juan XXIII
-75.6140885,6.2753563,Vallejuelos
-75.6139463,6.2753563,Vallejuelos
-75.6141987,6.2810174,La Aurora
-75.6137131,6.2656224,Juan XXIII
-75.6140432,6.2753586,Vallejuelos
-75.6142264,6.2809427,La Aurora
-75.613689,6.2656916,Juan XXIII
-75.6140194,6.2754096,Vallejuelos
-75.6141995,6.2811237,La Aurora
-75.5582414,6.3002077,Acevedo (Metrocable)
-75.5481039,6.2951257,Popular
-75.5416171,6.2931308,Santo Domingo
-75.5582576,6.3002167,Acevedo (Metrocable)
-75.5480834,6.2951789,Popular
-75.548137,6.2950188,Popular
-75.5416055,6.2931281,Santo Domingo
-75.541886,6.2927341,Santo Domingo
-75.5418959,6.2927365,Santo Domingo
-75.5679677,6.2093879,Hostal Lleras
-75.5623234,6.2689658,mariposas
-75.5679818,6.2455496,Pajero de Paz
-75.5622247,6.2785788,Pedro Nel Gomez
-75.5872175,6.1695994,Las Nubes
-75.5887034,6.1699781,Teatro Envigado
-75.5801257,6.1666981,Manuel Uribe Angel
-75.5885696,6.1644983,Iglesia del Dorado
-75.5870262,6.1698442,Santa Gertrudis
-75.5887526,6.1733887,Casa de la Cultura Miguel Uribe Restrepo
-75.585942,6.1688336,Plaza de Mercado Envigado
-75.5864154,6.1707477,Distribuidora de Carnes de Envigado
-75.5873627,6.1693136,Kokoriko
-75.5920191,6.1672495,Cementerio de Envigado
-75.594948,6.1608068,Mi Trencito Encantado
-75.5857029,6.1719226,FC Jeans
-75.5861734,6.173404,Texaco
-75.5825991,6.1869187,Jumbo
-75.585371,6.2573983,Hotel Sauces del Estadio
-75.5835957,6.178764,Clinica Las Americas del Sur
-75.6148984,6.2498396,Tienda la Sombra
-75.5838794,6.1791816,Casa Museo Otraparte
-75.5840904,6.1793609,El Cafe de Otraparte
-75.615846,6.248405,Parque del ajedrez
-75.6157111,6.247084,Barberia
-75.6129988,6.2462891,Tanque de suministro de agua
-75.6138307,6.2507258,Polideportivo
-75.5582601,6.2745021,Taller
-75.5575252,6.273249,Merca efectivo
-75.6172777,6.2503596,Tienda del Pan
-75.6150442,6.248348,Tropicos
-75.6174547,6.2504555,Acopio de taxis
-75.5583077,6.274127,bpp
-75.5733791,6.2450559,Medellin
-75.6274131,6.2699776,La cruz
-75.5587605,6.2725224,Campo Valdes
-75.5583347,6.2716777,Pollo Broster
-75.5525884,6.2382389,Mango
-75.6296193,6.2681357,Gruta La Cruz
-75.632264,6.2691067,Mision 97
-75.6250399,6.2731332,Claro
-75.6252846,6.2722044,el alto
-75.6292995,6.2535937,Nodo LaLoLib - La Loma Libre
-75.6273039,6.2704988,Nodo LaLoLib - La Loma Libre
-75.6323197,6.2720076,Nodo LaLoLib - La Loma Libre
-75.6296839,6.2706269,Nodo principal LaLoLib - La Loma Libre
-75.5584523,6.2762365,Nodo LaLoLib - La Loma Libre
-75.628543,6.2702387,Nodo LaLoLib - La Loma Libre
-75.6318614,6.2735647,Nodo LaLoLib - La Loma Libre
-75.6314974,6.2690846,Arbol de mango
-75.6314669,6.2684543,Pino
-75.6316106,6.2693146,Sause
-75.6314291,6.2690192,mandarino
-75.6316363,6.2692312,pomo
-75.6308669,6.26926,Naranjo
-75.6317561,6.2691335,Arbol de Mango
-75.6317275,6.2691888,Sause
-75.6314519,6.2694637,Arbol de Mango
-75.6311115,6.2695903,Arbol de Naranjas
-75.6324076,6.2690532,Arbol de Mandarina
-75.6322936,6.2688959,Arbol de Mango
-75.6322693,6.2690387,Arbol de Mango
-75.6323442,6.2689156,Arbol de Naranjas
-75.6322771,6.2689713,Arbol de Naranjas
-75.6324211,6.2689335,Arbol de guayaba
-75.6322889,6.2690132,Arbol de lima
-75.6322969,6.269056,Arbol de mango
-75.6322407,6.2689265,arbol de guayaba
-75.6319947,6.2690579,Arbol de mango
-75.6313388,6.2690844,Arbol de Naranjas
-75.6317134,6.2690276,Arbol de guayaba
-75.6318845,6.2691482,Arbol de guayaba
-75.6313322,6.2690746,Arbol de limon mandarino
-75.6317954,6.2690694,Matarraton
-75.6312656,6.2689714,Arbol de Naranjas
-75.6312302,6.2688536,Arbol de guayaba
-75.6312079,6.2689167,Arbol de guayaba
-75.631166,6.2689269,Arbol de limon mandarino
-75.6312763,6.2689012,Arbol de mango
-75.6314513,6.2691744,Arbol de Naranjas
-75.6311837,6.2689039,Arbol de limas
-75.5552541,6.3073755,CAI
-75.5548678,6.3064904,Iglesia Maria Auxiliadora
-75.6351898,6.2697339,Gruta Virgen de Fatima
-75.6296179,6.2681474,tanque de aguas reciduales
-75.63516,6.2699168,Palmera
-75.6345329,6.2705796,Palmera
-75.5821759,6.2242871,Iglesia La Fe
-75.5691808,6.2512742,Mujer de Fernando Botero
-75.5695465,6.2503028,Caballo
-75.5688375,6.2515869,Caballo
-75.5685324,6.2519942,Cabeza
-75.5686726,6.2524062,Esfinge
-75.5689328,6.2518416,Hombre Caminante
-75.568729,6.251805,Hombre a Caballo
-75.5684603,6.2524085,Mano
-75.5684892,6.2522709,Mujer con Fruta
-75.568716,6.2522789,Raptado Europa
-75.5686183,6.2520234,Soldado Romano
-75.5688316,6.2520592,Venus
-75.5682678,6.2520295,Adan
-75.5683122,6.2520348,Eva
-75.5684875,6.2521341,Gato
-75.5683523,6.2519052,Mujer Sentada
-75.5682889,6.2519707,Penzamiento
-75.5680544,6.2521296,Caballo
-75.5679371,6.2519048,Hombre Vestido
-75.5677879,6.2520331,Maternidad
-75.5679492,6.2520571,Mujer Reclinada
-75.5678403,6.2518446,Mujer Vestida
-75.5681073,6.2520771,Mujer con Espejo
-75.5681724,6.2520018,Perro
-75.6130001,6.1764593,Museo Counitario GAV
-75.6190895,6.1775547,Los Tres Dulces Nombres
-75.6129572,6.176662,parque infantil de miranda
-75.6189175,6.1774558,monumento
-75.613912,6.1762727,Parque de los Petroglifos
-75.6134293,6.1767793,Placa deportiva Sector Miranda
-75.616451,6.1763964,casa de jhan poll tamayo
-75.6117135,6.1719513,Monumento al Obrero
-75.59879,6.1882489,casa finca de los del valle
-75.6013435,6.1862329,casa finca FLANDES
-75.6024164,6.1869689,CASA FINCA  SAN JOSE
-75.6269318,6.1619984,SITIO ARQUEOLOGICO (URNA FUNERARIA)
-75.626685,6.1619984,CASA GRANDE LA FINQUITA
-75.6288415,6.1615184,FINCA MI RANCHITO
-75.6292921,6.1961286,Alto el Manzanillo
-75.6182414,6.1963339,sitio  arqueologico el Cacique
-75.6152802,6.1772091,cancha deportiva Loma de los Zuleta
-75.6153661,6.1770811,parque infantil Loma de los Zuleta
-75.6282085,6.1684092,Centro de Convenciones Ditaires
-75.4227675,6.0765445,Vereda Pontezuela
-75.49974,6.2112647,Santa Elena
-75.6107186,6.1720868,Chapinos
-75.6105829,6.1721529,Hedipan
-75.5654,6.251664,Spring Step
-75.5725156,6.2106311,Sunshine
-75.5732257,6.2138544,Clean Servico
-75.56808,6.208687,Le Bon
-75.56828,6.208932,Havana
-75.567744,6.20728,Il Forno
-75.5678462,6.2072325,Muebles usados Ropa de Marco
-75.567656,6.2071,Pop
-75.566784,6.207628,Tinto Tintero
-75.572608,6.210283,Paella & Parrilla
-75.5728743,6.2114033,Calle 10
-75.5721711,6.2117488,Herbario
-75.5676968,6.2096294,Mondongo's
-75.567896,6.210696,El blue
-75.568,6.210229,Red
-75.6264518,6.1526796,La Estrella
-75.6277185,6.1607507,Farmacenter
-75.6278955,6.1605985,Supermercados Guayabal
-75.5334933,6.3339131,Machado
-75.5012333,6.3496029,Colegio Cooperativo Juan del Corral
-75.5185336,6.341089,Escuela Urbana La Misericordia
-75.5173856,6.3433816,Centro Educativo Santa Clara
-75.5166025,6.3445668,Kiosquito
-75.5321124,6.3357927,Parque Infantil
-75.5661042,6.2582416,Iglesia Bautista Prado Centro
-75.5946682,6.1596027,Primera Iglesia Bautista de Envigado
-75.6160568,6.1578202,Sabaneta
-75.5625532,6.2754137,Centro Cultural de Moravia
-75.5077063,6.3458643,Bancolombia
-75.57209,6.2551277,COM Aurora, EPM
-75.5795168,6.2426698,Juegos- Cancha Inder Conquistadores
-75.5119839,6.1542413,HRO
-75.5843279,6.2410575,Parroquia Madre del Verbo Divino
-75.573149,6.254629,Universidad de San Buenaventura
-75.5927312,6.2536696,Colegio San Ignacio Menores
-75.5909395,6.2649638,Colegio Calazans Femenino
-75.5942011,6.2548001,Colegio Jesus Maria
-75.5820611,6.2527367,Parque Infantil Naranjal
-75.580672,6.2532324,Parque Infantil Suramericana
-75.5839618,6.2525637,Jumbo La 65
-75.5895554,6.2552156,Parque de Banderas
-75.5868011,6.2581608,Cra 70 - Estadio
-75.5788729,6.2541843,Monumento La Vida
-75.5814361,6.2553666,San Juan Evangelista
-75.5859857,6.2581181,La 70
-75.5798488,6.2558785,Colombia
-75.5888717,6.2493728,La 70
-75.5813266,6.2498132,La Macarena
-75.5839186,6.2488912,Zona de Comidas Homecenter
-75.5640166,6.2463529,Paraninfo de la UdeA
-75.5734236,6.245391,La Alpujarra
-75.5729743,6.2447935,Monumento a Guillermo Gaviria y Gilberto Echeverri
-75.5634028,6.2558748,Clinica Saludcoop - La Oriental
-75.5653877,6.2575492,Clinica del CES
-75.5615299,6.2484016,Palacio de Bellas Artes
-75.5859866,6.2609455,Merkolors
-75.5671644,6.2096757,oficina segundo piso
-75.573648,6.2118647,Global Car Rental
-75.6246966,6.2534254,Biblioteca Comfenalco centro occidental
-75.5622435,6.2606172,Casa Tres Patios
-75.5960867,6.2628986,Baluarte
-75.5555878,6.235412,CAI La Milagrosa
-75.5855987,6.1688177,El baratillo
-75.5850702,6.1696638,AP3 Carnes
-75.5877587,6.1702997,Asados Bartolo
-75.572455,6.2018676,Bancolombia Santillana
-75.570851,6.2042995,Hotel San Fernando Plaza
-75.5790379,6.1727007,Santa Barbara
-75.5787273,6.1723215,efi Carnes
-75.5820957,6.171026,San Mateo
-75.5771502,6.1695796,Las Cometas
-75.5769255,6.1698782,Piscina del Municipio
-75.5781045,6.1873564,Mobil
-75.5811413,6.1817502,Honda
-75.571678,6.2017664,Hotel Holiday Inn
-75.5717745,6.2065235,Helm Bank
-75.591301,6.190247,Hotel Monarca
-75.6016007,6.1790579,Zeuss
-75.5849692,6.2000917,Mobil
-75.584793,6.169128,La Pizzeria
-75.5862669,6.171528,AV Villas
-75.5849464,6.1720853,Pancho Villa
-75.5874092,6.1691947,Bancolombia
-75.5877749,6.1720064,Frestytortas
-75.5878312,6.1718811,Tortas y Tortas
-75.5845865,6.1728738,Mega Pizza
-75.5885784,6.168576,Yesterday
-75.5850381,6.1649386,Safari
-75.5739532,6.1970266,Davivienda
-75.5690609,6.2356526,Offcorss
-75.5737815,6.1970373,BBVA
-75.5689107,6.2352474,Arturo Calle
-75.5732666,6.1977466,Isabella's Place
-75.5704234,6.2301599,Lorito
-75.574039,6.2299786,La Granja
-75.5741356,6.1971066,Falabella
-75.5751226,6.2287734,Bancolombia
-75.569136,6.2362072,Falabella
-75.5742482,6.1965626,Bancolombia
-75.573567,6.1975279,AP'Titos
-75.5745647,6.1988772,El Corral
-75.5746989,6.1989732,Bancolombia
-75.5739103,6.195736,Jumbo
-75.5832991,6.1791473,Texaco
-75.5855898,6.1659526,La Paz
-75.5776611,6.172118,Uribe Angel
-75.5831007,6.1755633,La Magnolia
-75.5791846,6.174454,Las Flores
-75.5854717,6.1620379,San Rafael
-75.58275,6.1593488,La Mina
-75.579485,6.170198,Sebastiana
-75.5816947,6.1727367,Obrero
-75.582929,6.171478,San Mateo
-75.5867033,6.1704,La Jugosa
-75.5867543,6.1707653,La Rebaja
-75.5868521,6.1699562,Banco Caja Social
-75.5868591,6.1705739,Botica Junin
-75.578886,6.1729749,Carnes Santa Barbara
-75.5860797,6.1712149,Indecap
-75.5831976,6.1706826,Efi Carnes
-75.5869959,6.1704006,Santander
-75.5816647,6.1714762,Chinnese Food
-75.5771533,6.1902118,Banco Pichincha
-75.5843099,6.1784819,Doble Pizza
-75.5858611,6.16839,Cristi
-75.5826746,6.178118,Sol Rojo
-75.5846005,6.1723013,La Queens
-75.587524,6.171366,Bancolombia
-75.5792186,6.1716811,Drogueria Xara
-75.5873095,6.1712913,La Rebaja
-75.5864807,6.169456,Gloria
-75.5845736,6.177478,Piccolo
-75.5855924,6.1743888,Soft Touch
-75.5742525,6.1961654,Pepe Ganga
-75.578984,6.1730934,Distribuidora Santa Barbara
-75.5780988,6.1705894,Las Cometas
-75.5846822,6.1699863,Colsubsidio
-75.5823591,6.1733301,Akacias
-75.5862709,6.1718067,Cytrik
-75.5873944,6.1709024,Davivienda
-75.5880867,6.1685773,La Bombonera
-75.5866812,6.1716493,Tania
-75.5868529,6.1710413,Spring Step
-75.5697199,6.2119767,Bancolombia
-75.6015788,6.2589927,Inmueble Marsella
-75.5975233,6.2588354,Texaco La Floresta
-75.5074064,6.348093,Lago
-75.5983704,6.164684,Envigol
-75.5788881,6.1735894,Rizos Ruby
-75.5698624,6.2368339,Texaco
-75.5699482,6.2366313,Juanbe
-75.5942121,6.2489172,La Monumental
-75.6353034,6.2775439,Parada de la ruta C- 23
-75.6354117,6.2778178,de la Ruta N- R- 255
-75.5622015,6.2387903,Escuela Divino Salvador
-75.6350364,6.2789461,Baranova Discoteka
-75.6350594,6.2789961,Discoteca Camelot
-75.6351257,6.2789189,Santo Pecado Bar
-75.5602191,6.2499062,Fractal Teatro
-75.5597588,6.2469824,Teatro El Trueque
-75.5645847,6.2445086,Teatro Matacandelas
-75.5719743,6.2060031,Edificio Meridian
-75.5637856,6.180058,Tienda San Lucas
-75.5654931,6.1808614,Iglesia San Lucas
-75.6164838,6.2545253,Cancha
-75.3484011,6.1735425,Ciudadela Artesanal
-75.3369966,6.1735212,ITI Simona Duque
-75.3541941,6.1710145,Colegio Seminario Corazonista
-75.3394911,6.1742041,Hospital San Juan de Dios
-75.3432459,6.175366,Unidad Deportiva
-75.3383847,6.173887,Plaza de Mercado
-75.3488196,6.1637878,Cimarronas
-75.3365018,6.168927,La Dalia
-75.5620672,6.2381023,El Salvador
-75.602988,6.2085691,Viviendas del Oeste 2
-75.6342521,6.2785221,Rancho Chino
-75.615246,6.246187,Escuela 
-75.5578498,6.2684925,Bomberos
-75.392481,6.150492,concurso bandas
-75.5650752,6.1683291,Loma del Atravesado
-75.3896146,6.148022,Espiritu santo
-75.3781041,6.1471657,Procinal
-75.57514,6.23034,trkpt-2012-08-18T19:44:57.000Z
-75.575085,6.230367,trkpt-2012-08-18T18:07:30.000Z
-75.574877,6.230322,trkpt-2012-08-18T18:07:46.000Z
-75.5434241,6.2943674,trkpt-2012-08-18T21:20:07.000Z
-75.54332,6.294019,trkpt-2012-08-18T21:21:00.000Z
-75.543312,6.293954,trkpt-2012-08-18T21:21:14.000Z
-75.543286,6.293895,trkpt-2012-08-18T21:21:33.000Z
-75.6031841,6.1777396,Parque del Artista
-75.5907462,6.1945572,Texaco
-75.6092009,6.2532426,Veterinario
-75.5839156,6.2566932,PsiKey
-75.5828719,6.2408113,Clinica Conquistadores
-75.5707161,6.209389,DaVivienda
-75.5691015,6.2105731,Florencia Plaza
-75.5868152,6.2591574,Tryp
-75.5836193,6.255854,Palm Tree
-75.5536705,6.3150772,Estacion Madera
-75.5421554,6.3391565,Homecenter
-75.5771183,6.1905075,Jeno's Pizza
-75.3211503,6.0874586,Finca Las Acacias
-75.5611236,6.2776528,Las dos AA
-75.5579852,6.2732139,ellos y ellas
-75.5569979,6.273227,ferreteria velez
-75.5570008,6.2726886,Supremercado Mercaval
-75.5612127,6.2818396,maspan
-75.506777,6.3473464,EPS Sura - Comfama
-75.6016238,6.2028489,Mall Santa Maria Rodeo Alto
-75.5689839,6.2244915,Terpel
-75.5564885,6.2147361,Mercatto
-75.5525403,6.215632,Chuscalito
-75.5565314,6.2144588,Iglesia del Padre Marianito
-75.6059738,6.2221949,Crono Pizza
-75.6015366,6.2256982,Famacia Zuluar
-75.5781376,6.2570633,Panaderia
-75.5887635,6.2500466,Hotel Merlott
-75.5732824,6.2717089,MerColanta
-75.5826341,6.2392534,Texaco
-75.5867044,6.168686,Locatel
-75.5885658,6.3041045,Cerro Picacho
-75.5704641,6.2086554,Cafe Zorba
-75.5660431,6.2076169,Experience Outdoor
-75.561627,6.260079,Serad
-75.5930353,6.3061681,Atena de Radio
-75.6285425,6.2733931,Revuelteria Dora
-75.5660038,6.3069604,Acopio de taxis (4)
-75.4811018,6.0911171,Vivero Sol y sombra
-75.5318054,6.2128954,Mirador de la Paloma
-75.5638786,6.2426256,Elemental Teatro
-75.5751074,6.2457596,Canal Teleantioquia
-75.5731924,6.2561823,Minorista
-75.5751291,6.2507053,Cisneros
-75.5750148,6.250703,Cisneros
-75.555905,6.2621193,Palos Verdes
-75.5631334,6.2638334,Hospital
-75.5558064,6.2620802,Palos Verdes
-75.5677841,6.2337145,Angus Brangus
-75.5710294,6.2286009,Barrio Colombia
-75.5676112,6.2091963,Baren
-75.5749398,6.2085124,Grand Hostel
-75.6115553,6.2546752,Sala de Internet - Serviciales.com
-75.5795585,6.2362334,Pueblito Paisa
-75.5541078,6.2442031,Ciudad Comuna
-75.542134,6.2272601,Parroquia San Alberto Magno
-75.50254,6.2564278,Parking Lot
-75.542418,6.2300749,Colegio La pastora
-75.5404504,6.2318032,Supermercado La pastora
-75.556822,6.2338611,Casa De la Cultura Avila
-75.5559039,6.2331177,Centro de Salud Loreto
-75.5581268,6.2149596,Restaurante Hato Viejo
-75.5590425,6.2127697,Complex Inter
-75.5593936,6.2093175,Carulla La 10
-75.5599811,6.2065747,Verona Mall
-75.5664993,6.1919032,Consumo
-75.5622127,6.1862354,El Complex
-75.5733822,6.2443897,Monumento a la Raza
-75.5842102,6.2365864,Fatima
-75.5893466,6.2362828,Belen Rosales
-75.5803685,6.1637748,Arboleda de las Brujas
-75.5701515,6.2633553,Terpel Las Mercedes
-75.5862968,6.2408761,Bancolombia Unicentro
-75.5864629,6.2406042,Banco de Bogota Unicentro
-75.5879788,6.2399859,Notaria
-75.5865626,6.2400739,Banco de Occidente
-75.5820643,6.2317096,Nutibara
-75.6038459,6.2178786,Catalejo Alfa
-75.6000533,6.2246708,El Faro
-75.583634,6.169288,Pinturas Uribe
-75.5814854,6.1692105,Rizos de Oro
-75.5844649,6.1696091,MultiMateriales
-75.5824458,6.1687333,Marcadores
-75.5833443,6.1706427,Humber
-75.5693157,6.2503327,Bancolombia
-75.593319,6.2431588,Euro
-75.5817021,6.2566704,Autogol
-75.6021575,6.272328,Sede Social Colinas de Calasanz
-75.5712175,6.2286619,Autolarte
-75.5692327,6.2360903,Falabella
-75.5890255,6.1735751,Portal del Cerro
-75.6367195,6.2776155,El Gato
-75.5648017,6.2449132,Mata Candelas
-75.5871762,6.2471296,Rocco Graficas
-75.5737174,6.2075464,PITSTOP HOSTEL
-75.5720202,6.2017828,Burger King
-75.5380431,6.2779942,Nodo Sede Solidaridad y compromiso
-75.5381514,6.2805267,Nodo Torre Daniela
-75.5364894,6.2787724,Nodo Luisa
-75.5384706,6.2788372,Nodo Francy
-75.5354118,6.2795113,Nodo casa Yefry
-75.5789952,6.307128,Nodo Fabian
-75.5613783,6.2530018,Comfenalco La Playa
-75.5572753,6.2333949,Salon Social El Avila
-75.5558827,6.2356374,Olimpica
-75.5545255,6.2351895,Institucion Educativa La Milagrosa
-75.6112592,6.2494895,Cubanitos
-75.611734,6.2497508,La Fogata
-75.5664348,6.2075077,Hotel Boutique La Casa Medellin
-75.6099722,6.2425548,Habitaestudios Tamaiti
-75.581369,6.1653964,Colegio Pio V
-75.5707771,6.3061877,Optiespacios Tienda
-75.585188,6.1829873,Bancolombia
-75.5852953,6.1828967,Subway
-75.5840722,6.2562534,james res
-75.6444695,6.2822751,bar casa de luis
-75.5833565,6.2567615,Pescao Mojado
-75.5832572,6.2567443,Totras y Tortas
-75.667105,6.155293,Zaun 1
-75.5958471,6.2572365,Caninos y Felinos
-75.5867114,6.2335477,La Clinica del Gato
-75.6058754,6.2610523,Walliejam
-75.5171814,6.3424074,casa blanca
-75.671957,6.212095,Quebrada larga
-75.33445,6.1750552,DeliFrutas PizzFrut
-75.7046176,6.3210191,Vereda la Suiza
-75.5643994,6.2489023,Pizza doble piezza
-75.5783912,6.2778686,Escuela Sanvicente de Paul
-75.5340966,6.2357866,Los Arrayanes
-75.5332275,6.2357573,La Ramada
-75.5324256,6.2358613,Los Monos
-75.5274127,6.234119,Biblioteca Nadino
-75.5635109,6.2629196,Hospital
-75.5747992,6.2234618,Bancolombia
-75.5368826,6.1199839,Colegio San Jose de las Vegas - Masculino
-75.5244277,6.1432607,Paeje Envigado a las Palmas
-75.5312788,6.150728,Peaje Las Palmas
-75.5929633,6.2436264,Saludcoop Laureles
-75.5895652,6.1987205,300 fit workout
-75.5728946,6.2367536,Electrovan
-75.5688292,6.1805876,San Lucas Plaza
-75.5745923,6.181702,Pet Hotel
-75.5791917,6.1967653,Ingeneo S.A
-75.5803884,6.190479,DOMINIMERCADOS
-75.5379057,6.243089,Totem - Pinares de Oriente
-75.5379079,6.2432053,Entrada a mirador - Pinares de Oriente
-75.5405223,6.2432923,Centro de Salud - Pinares de Oriente
-75.5394243,6.2443728,Mirador (Bajo) - Pinares de Oriente
-75.5380822,6.243152,Mirador - Pinares de Oriente
-75.5399893,6.2443531,Escultura Amarilla - Pinares de Oriente
-75.535707,6.2381803,Parque Abandonado - Villatina la Torre
-75.5359045,6.238224,Parque las Tinajas
-75.5353206,6.2381047,Sastreria la 10 - Esfuerzos de Paz
-75.5355261,6.2381625,Tienda la 10 - Esfuerzos de paz
-75.5369425,6.2389804,Alto Villatina la Torre, Paradero de Buses.
-75.5343282,6.237771,El Venteadero - La Cruz
-75.5362296,6.2383861,Esfuerzos de Paz
-75.5367348,6.2394349,Acopio de Basuras - Villatina la Torre
-75.5408153,6.2438705,UVA - Pinares de Oriente
-75.5362769,6.2420612,Totem - Villatina Camposanto
-75.535352,6.2391749,mojon 14
-75.5353935,6.2402416,Piedras Trocha la Granja
-75.5359016,6.2410292,Inicio de Trocha - Villatina la Granja
-75.6150063,6.1510166,Iglesia Santa Ana
-75.5626236,6.2530456,Catedral Metropolitana
-75.5623297,6.2529121,Catedral Metropolitana
-75.5666767,6.2569138,Prado
-75.5637946,6.2629407,Hospital
-75.6273136,6.2703984,el mandarino
-75.559619,6.3092882,GAZEL
-75.5715763,6.2456311,COMFAMA
-75.535966,6.2380039,Casa MCJ (Movimiento Cultural Juvenil)
-75.5393063,6.3450231,Parque de las cometas
-75.5960019,6.2222626,IE Jaqueline Kennedy
-75.5965623,6.2225365,Parque Barrios de Jesus
-75.5633216,6.1797354,Gente Actual
-75.5683427,6.16961,EDS Terpel La Intermedia
-75.5856724,6.1824765,Greenfit Sports Las Vegas
-75.5855974,6.1823831,Curves
-75.5842522,6.1785624,Greenfit Envigado
-75.5895617,6.1782234,El Colombiano
-75.5765577,6.2076643,Rapidogs
-75.5639109,6.2157895,El Puerto
-75.5646981,6.2494404,La Playa
-75.5701919,6.2335958,Barrio San Diego
-75.5699389,6.2335764,Barrio San Diego
-75.56984,6.2287175,Barrio Colombia
-75.5706288,6.236831,San Diego Show
-75.3377995,6.1752941,Marinilla
-75.5658832,6.2273024,D1
-75.5481987,6.2260093,Ermita del Padre Marianito
-75.5455001,6.2259302,Unidad Residencial Reserva del Seminario
-75.4863573,6.376521,Comfama - Copacabana
-75.4953435,6.3614382,El Rancherito
-75.4329894,6.3996958,Trapiche
-75.5824171,6.2550213,Flor de Loto
-75.6365983,6.1628667,Colegio Divino Salvador
-75.5624256,6.2368785,Escuela de Criptomonedas
-75.6494797,6.2890147,salida via al mar
-75.4354996,6.172494,Hotel Las Lomas
-75.4330044,6.4181028,Ventana #2
-75.4350701,6.4247313,Ventana #1
-75.4368843,6.4234238,Planta de tratamiento Acueducto La Palma
-75.6540656,6.297058,Peaje Oriental
-75.6885989,6.326322,Peaje Occidental
-75.5786226,6.2007872,Agora - Universidad EAFIT
-75.5756493,6.1978227,Edificio Residencial Murano
-75.5652672,6.217629,Carulla Las Palmas
-75.5654905,6.2207002,Bomba Templo Antonia
-75.5637876,6.2152815,Bancolombia Prisma
-75.6013051,6.2293264,Rastreo Siglo XXI
-75.6014499,6.230463,Salsamentaria La Maravilla
-75.42314,6.1635153,ARP
-75.4219877,6.1512038,ILS-GP
-75.4237025,6.1828836,ILS-LLZ
-75.4286582,6.1713755,El Sol
-75.5582665,6.334997,Bello
-75.6264145,6.1526086,La Estrella
-75.5789649,6.1978605,Subway
-75.5661909,6.2054039,Catay 2
-75.5666914,6.2053709,Catay 3
-75.5575693,6.2437641,Platohedro
-75.5560804,6.2447572,Vuelta de Guayabal
-75.5570013,6.2430286,Tranvia
-75.5628902,6.2281653,Carrera 33 Calle 29C
-75.5636434,6.2294711,Carrera 34 Calle 29C
-75.5648981,6.2277428,Carrera 34
-75.5640571,6.2266463,Calle 29 Av. Las Palmas
-75.5669459,6.2333426,Carrera 37 Av. Las Palmas
-75.5671219,6.2331761,Carrera 37 Av. Las Palmas
-75.5691991,6.236876,San Diego
-75.5692455,6.2366849,San Diego
-75.5612103,6.2260145,Bosques de Sandiego
-75.5898171,6.2005493,Parroquia San Gabriel de la Dolorosa
-75.5873046,6.2035477,CAI Guayabal
-75.5399993,6.2331952,Estacion Oriente
-75.536281,6.2365455,Las Torres
-75.5286393,6.234989,Villa Sierra
-75.5273406,6.2341585,Santa Maria de la Sierra
-75.5492687,6.2419959,Estacion Miraflores
-75.5445048,6.2454424,El Pinal
-75.5413054,6.2476248,Pan de Azucar
-75.804989,6.0346032,Sitio de despegue de Alas Delta y parapentes
-75.5716144,6.2030255,Cra 43A #1 Sur 100
-75.5853739,6.2585079,Brisas del estadio
-75.5856807,6.2585199,CosteeleatioN
-75.3353109,6.0840407,Estacin de la policia
-75.377271,6.1523911,Parqueadero La 54
-75.6172805,6.157932,Parque de Bodegas La Regional
-75.6160365,6.1577865,Sabaneta
-75.3390704,6.0956399,EDS ESSO
-75.3327346,6.0805384,La esquina del toro
-75.3321621,6.0817361,Villa Campesina
-75.3358433,6.083526,Licodulces
-75.3358768,6.0835967,Hotel La Perla Azulina
-75.3350574,6.0838301,La frisolerita
-75.3354408,6.0826587,Licodulces2
-75.3358385,6.0852704,Salsamentaria La Esquina
-75.3358519,6.0852917,El Paraiso
-75.3381478,6.0911066,Sevicio Mecanico y electrico
-75.3367853,6.083012,HardBar
-75.331517,6.0744731,Capilla San Jose
-75.5756138,6.2075464,the blacksheep hostel
-75.6158273,6.1521026,Centro comercial Sabaneta plaza
-75.6900431,6.3429063,Biblioteca de Palmitas
-75.5743028,6.2217899,Compuredes - Enlace Operativo S.A.
-75.6308642,6.2554662,Iglesia San Jose del Mirador
-75.5872955,6.1711298,Las Chachas
-75.5875825,6.1693138,Frisby
-75.578689,6.1885918,Edificio Opalo
-75.5713535,6.2595011,Megatienda Easy-Metro Prado
-75.557513,6.3158477,aser veterinaria
-75.5580506,6.3115108,Acopio de Taxis
-75.549148,6.2380184,Miraflores
-75.5714951,6.208827,Hotel Lloyd
-75.3370406,6.0856977,Salsamentaria la Halambra
-75.3294176,6.0681191,Estadero Mi Tacita
-75.3293451,6.0684512,Estadero Mi Tacita
-75.545375,6.2350758,Los Cerros
-75.6137535,6.2570697,San Javier
-75.6215426,6.2505845,Iglesia las Buenaventuranzas 20 de Julio
-75.6160273,6.2563948,Parroquia San Javier
-75.5670934,6.2064666,Vegas de Catay
-75.5669833,6.2051032,Catay 4
-75.5659375,6.2046289,Catay 7
-75.5654243,6.2047118,Catay 6
-75.5655298,6.2042785,Catay 8
-75.5664863,6.2049983,Catay 5
-75.7040806,6.0389633,San Fernando
-75.5794468,6.2360946,Cerro Nutibara
-75.6222949,6.1496918,Texaco
-75.5982605,6.2235444,Huerta PBB
-75.5693535,6.3075404,Barrio Florencia
-75.588573,6.2686872,Barrio San German
-75.5938442,6.2233132,Barrio Beln San Bernardo
-75.5671446,6.2085379,Juan Valdez
-75.5977692,6.2169125,La Inmaculada Colegio Femenino
-75.5255196,6.2353946,La Sierra 103
-75.5260453,6.2358265,Placa Polideportiva La Sierra
-75.5694537,6.250956,Govindas
-75.5831414,6.1792689,Burger King
-75.581321,6.188957,Delima Marsh
-75.336071,6.0825647,Vino Al Arte
-75.3360725,6.082365,Bancolombia - Sucursal El Carmen de Viboral
-75.3353378,6.0822118,Supermercado Mercavil
-75.3317398,6.0820734,Parque lineal - plazoleta de los artesanos
-75.5876687,6.2233246,Empanadas
-75.6424429,6.1576403,Bancolombia la Estrella
-75.6010582,6.231104,La Palma
-75.6010609,6.2311754,La Palma
-75.6050526,6.2310957,Los Alpes
-75.5820824,6.2318961,Nutibara
-75.590964,6.2315299,Rosales
-75.5909622,6.2315966,Rosales
-75.5719341,6.2114202,Summan S.A.S.
-75.5842392,6.2473404,Parroquia Madre del verbo Divino
-75.5845692,6.2469237,Tienda
-75.5843364,6.2476663,Colchones genericos
-75.5861051,6.2479475,Colchones anti-estress
-75.5860519,6.2467431,Corte Laser
-75.5856875,6.2466354,Minimercado la 67
-75.5854768,6.2479314,Montallantas
-75.5863842,6.2468716,Tienda 5 esquina
-75.5862758,6.2473661,Vidrio y esperos
-75.3372205,6.0881238,Busto Jorge Eliecer Gaitan
-75.5979911,6.159387,Minimercado Mercabaratillo
-75.594038,6.2136446,Clinica Las Americas Urgencias
-75.3288548,6.0830803,Barrio La Aurora
-75.3268276,6.0843339,Las Brisas
-75.557291,6.1839566,Edificio Cantagirone Cu4tro
-75.6014986,6.2559845,Escultura de Los silleteritos
-75.5989903,6.2563738,Ferretaria y Deposito F&H
-75.6165958,6.2571655,Gimnasio
-75.5566349,6.285192,Parque Aranjuez
-75.5549457,6.2676761,Gardel
-75.5550082,6.2676823,Gardel
-75.5531244,6.2783769,Las Esmeraldas
-75.5531936,6.2783949,Las Esmeraldas
-75.5540111,6.273217,Manrique
-75.5540712,6.2732311,Manrique
-75.6050649,6.2310277,Los Alpes
-75.5752878,6.2436956,Plaza Mayor
-75.5753931,6.2436934,Plaza Mayor
-75.6257532,6.1531477,La Estrella
-75.6166398,6.1575227,Sabaneta
-75.5691329,6.2607261,Chagualo
-75.5691878,6.2607583,Chagualo
-75.5631161,6.2639786,Hospital
-75.5731211,6.2561035,Minorista
-75.56764,6.2635512,Ruta N / Universidad de Antioquia
-75.5677295,6.2636059,Ruta N / Universidad de Antioquia
-75.5601661,6.2633917,San Pedro
-75.5601606,6.2634943,San Pedro
-75.5709975,6.2286426,Barrio Colombia
-75.5698016,6.2287179,Barrio Colombia
-75.570016,6.2335784,Barrio San Diego
-75.5701464,6.2336435,Barrio San Diego
-75.5623801,6.2529348,Catedral Metropolitana
-75.5625439,6.2530182,Catedral Metropolitana
-75.5637245,6.2629208,Hospital
-75.5635563,6.2629296,Hospital
-75.5644448,6.2493185,La Playa
-75.56459,6.2493778,La Playa
-75.565507,6.2578253,Prado
-75.5655698,6.2578446,Prado
-75.6137474,6.2569253,San Javier
-75.5666178,6.2569037,Prado
-75.5853433,6.244061,Giordano Bruno
-75.5847845,6.2445196,Maestro Luis Uribe Bueno
-75.5866017,6.1667187,flor del trigo
-75.5765417,6.230217,Industriales
-75.576768,6.2302323,Industriales
-75.5724583,6.2796608,Terminal Norte
-75.5723761,6.2796953,Terminal Norte
-75.5348831,6.2253919,Seminario Arquidiocesano Ardentores Mater
-75.5838725,6.2592327,Plazoleta Principal Funlam
-75.5963829,6.227218,Iglesia Cristiana
-75.6112691,6.2505148,Jakeline David Zapata
-75.535955,6.2380219,CASA JUVENIL/ MCJ (Movimiento Cultural Juvenil)
-75.5839059,6.2838569,CAI
-75.3320208,6.0695524,El Progreso
-75.5684491,6.2646443,Universidad de Antioquia
-75.5684274,6.2647536,Universidad de Antioquia
-75.5848198,6.2477144,Granadio
-75.5077844,6.346558,Almacen GARQUI
-75.5986118,6.2092383,Discoteca Yambao
-75.5950358,6.2536533,El Pinocho
-75.335543,6.0909736,Parque infantil
-75.8639193,6.2228396,Finca
-75.5385429,6.2977409,El cubo de Antonio Derka
-75.5414198,6.2945476,parqueadero de buses
-75.5391353,6.2969201,Colegio antonio derka santo domingo
-75.5384591,6.2948851,el tanque
-75.5365808,6.2970077,parque
-75.5364856,6.2966545,el padre nuestro
-75.5364856,6.2966545,el padre nuestro
-75.6018207,6.217341,Vitenza
-75.6025726,6.2176056,Torre Campestre
-75.5664368,6.2076797,Verdeo
-75.5564112,6.1861334,Tigo-UNE Balsos
-75.5377263,6.2979569,Huerta Colegio
-75.5402406,6.2998096,la torre de energia
-75.5381228,6.2983952,barranco
-75.5387574,6.2991713,basurero 1
-75.538929,6.2995884,basurero 2
-75.5393715,6.2991085,basurero 3
-75.6234218,6.2572163,Deshuesadero de autos
-75.6023289,6.2472275,grupo aval
-75.6023289,6.2472275,banco de Bogota
-75.6024751,6.2449865,BBVA
-75.5380583,6.2987884,contrabando
-75.5397914,6.29925,maquinitas Edison
-75.539609,6.2991007,escuelita
-75.5398933,6.2993193,ALVARO
-75.5396841,6.299186,DEPOSITO
-75.5387561,6.2991353,Parqueadero de Motos
-75.5382408,6.2992811,Nike Flow
-75.5386877,6.299162,Billar Mario
-75.5385985,6.2992633,Taberna Tropical Niches
-75.5385301,6.2992526,Tienda Milsen
-75.5384376,6.299298,Tienda James
-75.5385569,6.2992886,Billar Don Carlos
-75.5383269,6.2993784,Esquina mesa
-75.5380011,6.2986253,Casa al Pomar
-75.538144,6.2986621,Casa Barbaito
-75.539444,6.299551,panaderia
-75.5379582,6.2993811,Casa Bonita
-75.5394332,6.2995297,cafe internet
-75.5382116,6.2991798,Casa Molina
-75.5392294,6.2995244,tamayo
-75.5399294,6.2993831,Billar Albeiro
-75.540269,6.2999052,basurero 4
-75.5381485,6.2984993,esmeralda
-75.5396237,6.2993937,despachadero de buses
-75.5782242,6.1887219,Edificio Amatista
-75.5783428,6.1892496,Amatista
-75.5573396,6.3370613,Megatiempo
-75.5411341,6.2908231,Parque Infantil
-75.5410133,6.2920594,Casa de Dianita
-75.5414436,6.291294,Cuatro Esquinas
-75.5412997,6.2910184,La tienda del Moreno
-75.5412015,6.2907617,Farmacia de la Mona
-75.5415288,6.2905498,Virgen de La Esperanza
-75.5416254,6.2905018,Casa de Carlos
-75.5416566,6.2899995,Casa de LA CUCHA
-75.5419916,6.2901152,La tienda de Alex
-75.5417929,6.2913823,La tienda de Mario
-75.5385843,6.2981042,Mirador El Cubo
-75.5367682,6.2966804,Escuela  La Hermana Cira
-75.5389139,6.2943861,Fonda el descanso
-75.5376265,6.2942901,La casita de flores
-75.539622,6.2939062,JAC
-75.6101498,6.2856738,Luna del Valle
-75.6166818,6.2503679,Tienda
-75.6167676,6.2491734,Tienda
-75.6177162,6.2554942,MI CASA
-75.6020314,6.2501453,grupo aval
-75.602017,6.2501879,bancolombia
-75.6035507,6.2502427,D1
-75.60351,6.2488531,Los Dos Faros
-75.6047685,6.2495442,MANDINRICAS
-75.5897696,6.2607309,Centro Comercial El Diamante
-75.5967783,6.263938,krosquipollo
-75.5967409,6.2640122,restaurante chino
-75.5967106,6.2640563,mercado madrid
-75.5858245,6.2588012,Hotel 3D suites
-75.5841691,6.2580221,Collins
-75.584373,6.2581074,Thematics Suites
-75.6005923,6.2481997,El granero
-75.5968633,6.2638958,el humero
-75.5841408,6.2578658,Le Blanc
-75.5850869,6.2584466,eva suites
-75.6097422,6.2575391,mi casa
-75.5862513,6.2435326,Barberia
-75.5860634,6.2435177,Charcuteria y Panaderia el Bolivariano
-75.5867077,6.2439433,El Rejo / Comida Mexicana
-75.5846811,6.2451159,La Gaviota
-75.5839169,6.2455952,Virge del Carmen / Parque de los Mangos San Joaquin
-75.5729624,6.2006676,Cosechas
-75.572665,6.2013294,Juan Valdez
-75.5889305,6.2458962,Aplastados de Pacho
-75.5889775,6.2459031,FastDog
-75.5890435,6.2459129,Kokorico
-75.5845963,6.2451435,La Catrina
-75.5867141,6.2459416,FOU confecciones
-75.5860587,6.2465987,Altar a la Virgen
-75.5867033,6.2483996,Casa de Angeles
-75.5842251,6.2456577,Body Pet
-75.585015,6.2447658,Parrilla punta y solomo
-75.6100389,6.262891,Carniceria la 96c
-75.6092007,6.2612729,La Pradera
-75.6100678,6.2628432,Legumbres de Omar
-75.6104647,6.2621713,Tienda la Esquina
-75.6099656,6.2628249,Tienda
-75.6085052,6.2635139,El Metropolitano
-75.6058309,6.2622181,Santa Rosa de Lima
-75.6094015,6.2595222,Farmacia San Gregorio
-75.6088257,6.2607582,Farmacia San Jeronimo
-75.6079825,6.2602945,Billares
-75.609026,6.2602479,Legumbreria la Pradera
-75.6087619,6.2605803,Minimercado la INA
-75.6080778,6.2602278,Panaderia
-75.6106793,6.2600702,Tienda
-75.6094062,6.2624668,Tienda
-75.6100521,6.2632434,Legumbreria
-75.6043004,6.2595707,Gimnasio Publico
-75.6074885,6.2599472,Iglesia Adventista Del 7mo Dia
-75.4330312,6.0220464,Parroquia de la Santa Cruz
-75.4279788,6.0290611,Pizza y Lasagna
-75.5847532,6.2784742,Bancolombia
-75.5737537,6.2317225,DUALL CO
-75.6051327,6.1934694,Iglesia del Ajizal
-75.6043719,6.1606007,Centro Comercial Outlet Mayorca Etapa II
-75.5910106,6.2068966,Cristo - Monumento
-75.6087553,6.1959093,Barrio El Pesebre
-75.588432,6.2464791,EXPERTOS SEGURIDAD
-75.431365,6.0311962,GEA
-75.4312747,6.0303219,Restaurante
-75.4310549,6.0303063,Billar
-75.4310307,6.0303876,Discoteca
-75.4312264,6.0303512,La Casa en el Aire
-75.604202,6.2510026,Gimnasio Forma
-75.5656493,6.2087985,Veg Station
-75.5656595,6.2082545,GeoHostel
-75.5670584,6.2075717,Park
-75.5655952,6.2087957,Medellin Beer Factory
-75.5657244,6.2066877,La Playa
-75.5665516,6.2080269,Movie Hostel
-75.4310896,6.0310552,Del Hato
-75.4310481,6.0311365,Ropa Linda
-75.4310046,6.0311236,Dulce Hogar
-75.5691416,6.2631375,Sicosis
-75.5657198,6.2071886,Happy Buddha
-75.5657084,6.2071436,The Sushi Shop
-75.5656964,6.2071201,Tierra de Agua
-75.5656836,6.2070862,Maloka
-75.5656782,6.2070756,Maloka
-75.5685401,6.26449,Villamil
-75.5755389,6.2387126,EDS.TERPEL EXPOSICIONES
-75.5714171,6.2552301,EDS.TERPEL VILLANUEVA
-75.566136,6.266166,EDS.TEXACO UNIVERSIDAD
-75.5695641,6.3130711,Barrio Nuevo
-75.5722544,6.3129965,Cancha MicroFutbol La Maruchenga
-75.5709168,6.2121717,Frutos del Mar
-75.6434275,6.135459,Vereda la Bermejala
-75.6103898,6.221938,HL Combustibles SA EDS Altavista
-75.5402809,6.244034,Centro Cultural Casa Vivero
-75.6010149,6.1915643,Parque infantil
-75.5848096,6.2085871,Bancolombia Noel ATM
