223,213,199,170,167,199,208,179,153,137,134,160,141,121,136,92,92,81,70,98,169,227,194,182,205,172,188,219,222,208,190,198,199,184,181,148,180,184,178,169,176,146,131,141,110,154,155,184,207,216,219,195,196,214,207,206,199,180,177,139,83,107,174,198,211,189,90,61,76,93,69,80,174,249,253,251,209,151,175,200,217,204,190,169,165,135,105,129,93,119,136,140,133,100,158,158,158,184,170,141,145,191,166,131,71,54,114,176,184,184,202,176,109,112,78,105,131,145,123,146,140,121,147,136,112,139,168,189,136,172,177,191,196,164,130,140,91,157,157,177,155,135,136,121,103,125,108,159,145,134,102,102,103,106,58,53,106,107,93,115,122,116,92,66,80,71,74,61,64,101
192,204,190,162,144,180,184,172,153,138,130,139,123,150,153,109,112,132,109,97,141,185,157,150,162,149,182,180,189,188,181,185,197,198,197,186,187,176,150,135,168,132,218,225,179,203,214,197,195,213,217,189,186,202,184,165,170,217,235,167,72,96,167,146,156,179,129,83,172,210,82,63,65,135,213,215,184,192,219,207,157,157,162,153,163,188,176,140,110,124,149,168,176,156,88,125,147,115,176,196,166,191,188,88,65,66,137,153,156,168,149,157,115,113,94,79,93,115,89,139,161,145,170,145,108,140,158,143,129,163,175,200,195,172,155,153,119,114,131,167,173,136,164,140,172,121,122,189,186,132,153,137,128,120,146,147,114,94,112,122,142,124,108,85,63,60,75,53,70,105
199,210,190,174,143,151,133,149,180,154,152,175,161,190,154,109,132,147,118,111,147,169,154,170,153,143,173,163,196,202,196,186,145,176,186,203,180,173,154,147,175,146,192,193,200,208,190,155,159,184,199,175,157,161,156,150,155,213,202,143,80,77,135,148,148,165,143,123,223,225,63,63,90,76,107,100,134,170,183,197,179,182,158,166,208,215,158,95,141,136,122,126,136,100,121,150,152,111,184,190,154,156,196,140,130,109,160,177,162,156,128,140,122,121,102,102,84,83,54,125,161,179,199,158,121,139,151,151,134,161,175,207,196,167,137,125,138,97,96,123,137,110,162,171,148,106,139,176,229,165,130,164,159,150,192,198,175,131,118,132,130,153,107,65,59,68,71,84,57,84
202,222,187,131,112,152,143,150,156,126,141,186,163,146,112,97,97,86,63,70,101,126,153,190,195,165,154,159,204,210,214,197,163,172,152,177,182,202,189,162,179,196,155,169,193,200,196,201,205,190,179,171,167,166,160,153,124,100,57,52,57,58,97,139,129,135,132,175,206,147,42,65,95,92,111,117,167,155,144,159,155,149,130,187,233,205,172,177,197,156,82,80,86,173,225,227,184,137,158,150,163,167,186,151,115,94,125,174,133,119,156,145,128,132,94,135,104,113,104,133,170,191,168,122,124,127,117,147,140,164,148,164,197,182,110,120,143,106,57,85,122,139,148,160,130,144,187,178,186,173,134,150,131,129,167,181,198,143,95,122,121,146,157,165,102,74,89,128,83,99
169,174,174,147,147,159,144,156,169,140,159,218,218,171,122,78,71,63,79,88,93,123,164,183,198,192,167,185,196,184,193,170,130,148,142,163,195,216,207,170,168,177,142,178,170,181,189,193,196,185,162,142,144,167,171,145,97,50,61,69,50,77,135,178,168,164,143,185,180,140,79,92,136,97,66,101,157,127,137,125,148,153,145,182,204,214,176,113,212,204,123,136,176,227,208,202,183,153,173,153,128,142,173,153,85,102,131,171,131,130,202,167,131,127,97,102,84,132,160,129,184,203,174,128,119,107,103,141,152,139,160,146,114,168,154,148,166,128,70,85,119,163,162,169,169,179,164,202,190,152,145,121,106,99,160,176,150,111,106,138,145,162,158,150,72,63,99,145,96,103
187,137,158,186,190,167,166,218,236,195,174,195,216,213,194,143,82,51,91,106,103,127,154,158,164,193,187,188,155,138,157,131,109,144,157,150,169,168,164,149,120,102,120,160,177,202,189,182,194,155,143,169,165,145,156,169,112,63,69,75,95,141,154,163,175,182,166,148,130,131,104,155,149,179,147,137,137,91,127,138,140,196,203,198,189,197,139,72,142,151,139,172,228,232,167,73,97,123,183,182,134,132,149,144,106,106,133,156,164,164,172,119,107,92,116,70,58,98,162,147,144,161,183,165,114,95,115,130,127,154,144,92,91,178,163,180,194,141,126,115,118,133,161,166,168,179,165,186,172,132,137,99,70,82,156,188,141,108,101,111,133,164,159,152,100,90,105,139,122,126
147,107,136,162,161,180,172,185,168,147,147,158,156,169,161,152,125,65,87,80,87,126,153,169,165,170,172,147,123,136,164,136,110,122,120,115,157,169,159,163,134,128,141,145,163,174,157,169,182,170,149,147,156,169,149,84,93,86,75,77,123,151,139,157,145,121,117,99,135,153,114,134,137,159,138,146,202,213,185,141,156,160,140,159,164,140,84,101,160,187,173,211,239,180,55,139,189,178,174,166,164,157,139,133,144,108,135,139,167,178,169,104,78,79,121,86,73,88,165,186,147,124,151,174,135,118,137,132,132,139,101,83,109,202,186,169,173,132,166,155,157,124,132,126,133,187,214,159,100,130,158,88,73,84,92,107,90,93,93,112,120,97,131,171,91,69,111,133,97,98
197,138,135,144,128,182,175,167,160,114,120,152,141,144,99,109,132,99,122,75,81,138,157,169,185,148,167,150,169,198,202,152,80,99,113,130,174,174,132,140,189,186,158,153,150,162,166,168,177,151,136,156,164,152,120,59,70,89,91,97,129,153,156,156,134,127,159,133,152,149,147,145,170,105,152,224,216,171,131,138,160,162,161,158,127,136,119,137,174,222,188,167,149,115,125,127,154,137,143,137,136,129,148,177,166,140,174,134,119,156,215,150,83,113,104,95,81,96,161,169,166,116,114,141,112,84,111,138,148,158,124,126,109,163,179,176,118,134,194,177,173,119,119,150,98,181,147,148,166,158,138,98,65,88,81,97,81,100,107,125,113,93,82,84,58,86,112,90,87,84
190,165,152,138,141,159,176,188,175,141,162,173,182,154,85,89,111,137,171,134,122,141,148,203,201,158,153,149,158,188,174,148,112,87,137,185,188,177,142,193,224,219,186,167,148,141,161,173,165,135,112,173,156,88,109,89,90,138,149,169,141,137,161,151,134,113,127,124,149,168,178,187,183,139,200,200,149,102,91,123,130,159,159,121,119,168,215,220,205,207,192,103,42,132,180,120,123,180,156,144,133,116,155,168,146,202,228,150,105,131,175,180,77,113,106,105,106,101,122,179,200,128,78,113,91,102,131,131,171,181,145,143,131,170,151,138,141,128,179,198,207,131,101,148,142,115,138,183,160,144,125,111,109,83,82,92,83,93,108,112,116,135,63,79,54,105,148,102,91,84
158,155,163,158,155,156,157,166,153,152,197,215,215,191,109,59,100,156,215,203,187,182,163,189,187,136,148,148,165,199,127,122,70,111,222,209,188,189,152,201,193,181,160,136,116,119,146,135,165,142,127,164,130,101,102,90,138,178,182,170,145,138,137,156,176,108,114,120,148,159,142,147,148,151,185,203,187,159,129,130,129,166,126,116,180,174,198,216,193,112,60,93,141,146,112,130,164,174,180,142,153,143,174,202,192,201,158,94,109,145,163,130,113,130,103,97,167,132,142,162,145,110,121,86,87,91,86,120,161,119,119,125,122,166,162,154,158,149,164,205,177,107,125,85,95,98,126,163,169,155,108,126,104,136,128,87,95,99,95,105,104,131,97,130,98,104,146,135,120,101
177,145,129,137,148,146,139,158,165,166,194,202,205,223,211,182,174,190,201,201,218,223,195,183,178,168,147,153,155,172,142,150,121,132,200,171,175,183,164,205,193,161,165,184,217,222,197,111,160,148,146,179,177,133,88,119,175,156,141,114,110,134,130,160,193,161,184,204,157,98,103,113,183,182,215,223,173,178,163,131,127,150,142,157,154,184,131,116,105,113,110,123,174,184,117,142,182,206,207,163,125,147,178,229,198,111,95,101,139,182,158,122,122,148,172,139,162,155,208,134,135,91,152,158,148,131,112,112,203,188,169,112,104,138,145,113,153,172,166,156,113,96,121,71,41,90,107,116,156,164,140,94,69,92,98,86,111,89,78,115,99,110,91,127,121,111,144,141,134,94
162,148,131,132,143,153,132,129,157,156,170,198,213,217,219,211,217,207,179,169,179,187,191,192,177,143,164,168,162,159,107,136,189,173,166,154,152,128,127,158,164,152,187,211,237,220,199,140,115,131,139,119,105,100,113,168,189,177,172,152,147,138,115,153,189,197,203,181,199,176,116,148,157,162,152,140,165,188,157,174,139,141,154,141,156,128,62,92,137,179,132,169,181,169,164,109,121,166,148,137,115,164,174,164,146,134,125,131,99,132,169,161,149,183,200,161,185,176,198,137,161,188,105,151,163,199,181,129,150,191,166,164,177,123,124,144,174,161,143,153,122,100,103,103,91,81,132,97,124,162,156,98,78,89,124,123,102,86,86,107,106,110,89,84,91,105,169,191,143,89
129,181,183,136,118,176,189,179,186,168,146,176,213,200,186,190,215,207,185,178,170,163,181,198,166,141,197,180,115,69,103,199,193,186,161,162,152,140,142,160,164,127,131,145,184,168,156,138,99,81,114,157,117,139,175,180,158,160,159,176,197,153,102,110,169,165,134,125,119,129,154,148,161,175,179,181,186,136,100,97,101,106,105,108,133,97,96,118,153,131,108,152,142,140,127,98,121,160,164,146,165,198,205,163,144,147,145,123,103,151,112,137,182,200,206,131,155,170,193,162,177,168,170,63,100,133,151,148,144,187,167,203,209,121,108,179,169,183,162,165,120,114,139,119,95,64,82,99,95,108,167,146,126,103,129,138,106,107,100,101,97,103,109,97,107,108,141,147,118,74
140,198,208,150,98,148,169,166,152,146,120,137,180,178,168,184,223,202,178,173,171,171,189,204,177,175,204,215,196,160,209,221,198,176,159,157,144,154,146,160,145,115,114,118,145,144,166,198,211,146,120,203,176,180,164,149,146,139,171,196,164,120,119,95,133,127,124,93,105,191,210,186,217,235,222,220,187,113,137,141,98,142,159,173,181,150,89,72,69,123,128,171,165,162,130,92,146,142,140,137,170,198,162,131,171,138,103,117,119,152,130,110,133,185,208,114,159,167,177,170,202,174,162,111,103,117,124,95,120,161,194,221,202,170,121,142,178,182,182,189,171,151,126,141,111,105,112,95,68,120,117,123,137,116,128,118,108,119,111,125,116,82,90,93,112,101,109,111,79,58
126,148,179,195,165,181,166,151,138,139,124,119,140,156,172,203,192,179,169,153,141,149,171,192,173,171,196,189,209,226,221,196,158,145,142,142,125,132,157,171,120,99,107,109,122,153,195,231,212,221,184,189,199,207,176,169,173,143,172,202,195,196,209,151,157,107,137,209,172,173,220,207,223,186,198,206,147,138,175,132,129,99,168,180,161,139,140,111,70,108,127,173,191,176,92,105,124,136,129,142,142,142,124,141,143,126,203,177,119,141,142,110,132,123,171,177,205,194,184,132,155,162,144,104,110,111,76,63,106,107,153,186,165,172,140,135,175,186,196,178,204,206,115,95,68,116,96,64,58,120,128,106,108,151,192,113,96,124,154,169,124,64,86,116,139,120,115,128,88,73
155,125,126,160,149,174,158,139,115,114,122,122,128,140,147,164,153,155,166,156,145,149,145,143,172,217,205,198,172,144,181,191,192,182,139,121,113,122,191,169,100,90,117,125,124,163,187,187,200,217,203,147,176,168,163,163,179,175,153,141,194,213,203,184,146,155,196,221,176,179,186,164,179,169,175,133,101,115,65,62,56,119,150,188,151,145,152,127,109,135,114,186,168,99,109,222,210,203,151,137,164,135,186,205,184,144,218,203,167,140,156,130,169,170,145,164,205,224,192,151,131,102,89,130,103,94,64,64,56,69,112,160,162,177,170,141,179,177,170,167,146,125,109,80,68,73,85,52,64,104,147,170,68,90,162,103,117,145,204,220,196,85,75,110,152,148,129,126,102,76
123,120,140,124,114,127,146,120,150,157,150,140,112,132,155,148,121,144,162,170,184,146,138,168,204,210,198,189,186,188,190,175,172,186,145,141,147,148,177,161,88,120,127,146,151,116,166,137,156,173,207,199,152,149,177,181,160,165,135,133,161,143,175,133,42,136,173,166,159,197,191,141,151,131,96,81,115,130,81,101,133,138,130,186,191,211,187,112,168,207,195,153,117,80,134,187,175,139,99,130,158,140,195,217,183,175,229,194,175,139,147,137,200,206,145,113,165,207,180,146,98,94,113,126,103,77,68,71,65,84,130,129,162,172,175,167,177,179,163,133,125,117,86,71,54,76,54,62,98,103,143,157,73,69,113,136,98,131,167,168,165,81,67,108,119,131,107,112,126,126
158,193,216,209,162,115,135,154,187,152,139,113,82,135,164,147,151,158,149,147,143,133,149,198,193,183,165,167,176,178,178,167,217,216,186,196,201,166,131,82,85,132,155,125,103,105,201,244,247,232,238,243,233,241,253,245,231,238,240,229,213,159,140,110,114,129,110,154,156,118,115,82,72,84,107,140,142,132,110,121,151,154,130,175,187,205,184,151,208,221,196,162,165,115,82,146,148,157,106,127,169,144,170,166,177,180,200,180,153,130,158,100,121,140,115,163,107,197,223,146,165,135,117,107,113,93,76,54,79,95,115,133,137,134,130,171,167,172,173,151,105,74,78,87,123,96,67,69,88,107,125,120,70,72,75,117,133,146,146,135,147,81,67,89,95,115,103,108,157,148
226,228,201,206,219,251,255,192,140,113,132,125,90,114,124,142,159,153,140,157,154,148,132,144,171,159,150,168,182,176,172,164,196,192,187,213,235,222,202,185,208,209,228,221,240,219,185,153,137,126,126,128,122,123,136,145,159,160,182,183,199,223,229,242,239,248,255,234,234,233,195,152,154,148,150,108,84,117,111,141,161,151,113,151,175,174,208,183,178,188,205,212,200,151,90,104,79,149,154,154,157,128,158,186,193,201,182,194,201,155,136,95,158,83,93,129,140,130,210,170,83,104,110,105,77,68,85,97,90,90,79,102,123,133,120,155,180,155,147,140,89,71,97,81,123,104,100,62,97,119,124,95,75,74,53,99,129,123,124,116,91,59,59,69,73,94,84,82,109,131
211,211,181,196,184,146,155,219,255,246,221,172,121,108,118,184,176,128,81,83,106,147,174,192,199,201,207,232,244,241,247,249,255,251,250,250,247,231,217,223,213,190,181,155,156,139,132,151,165,159,151,150,153,153,156,162,146,135,144,147,148,165,146,156,168,177,186,202,198,170,220,255,249,255,243,253,204,115,106,179,173,155,140,135,165,151,197,193,181,172,142,175,191,146,73,41,63,86,139,140,94,105,167,191,193,214,178,159,185,184,123,90,97,69,118,117,153,115,153,168,94,107,90,117,64,76,83,83,96,80,79,90,104,89,114,168,167,200,162,129,111,81,81,83,63,68,95,79,86,110,125,98,74,59,57,93,87,62,60,43,63,62,83,104,126,152,154,157,185,199
232,208,202,206,188,183,158,158,195,239,253,255,255,255,245,255,255,238,240,244,254,252,255,247,253,255,251,252,248,243,250,251,247,246,251,250,255,255,249,255,253,248,243,238,236,201,182,184,173,172,161,154,161,165,161,160,170,155,148,164,155,157,148,167,162,172,172,172,183,187,234,249,220,208,202,212,252,255,170,139,137,152,162,129,165,152,120,142,136,150,180,210,167,130,113,106,94,118,96,99,141,175,169,134,133,165,172,179,179,188,128,78,105,114,142,143,135,131,122,122,92,107,106,149,79,63,76,67,76,66,62,54,67,79,122,147,150,166,156,140,106,99,122,95,120,121,148,199,176,194,216,215,205,187,203,214,195,179,187,191,174,165,158,145,141,130,119,121,107,108
211,218,222,209,216,210,170,196,254,253,248,255,242,252,255,244,251,246,255,250,253,244,253,248,246,252,246,247,249,251,255,250,252,254,253,244,248,254,248,250,253,255,246,245,248,235,231,217,195,191,175,161,164,168,161,154,143,154,152,168,169,177,164,152,174,177,213,216,239,255,242,238,220,214,184,192,195,225,254,243,202,191,163,169,146,160,155,98,143,197,199,136,127,125,92,149,168,118,85,171,191,176,184,115,74,111,118,158,159,151,129,123,129,156,180,193,151,98,97,95,88,95,116,169,167,134,172,154,183,199,198,191,182,184,211,228,208,208,213,229,218,199,182,138,136,153,158,165,194,158,149,151,120,79,57,39,48,51,40,28,32,35,42,52,78,78,87,106,89,82
219,207,226,228,238,251,253,255,255,235,235,244,220,230,246,255,255,255,255,251,253,253,255,254,248,255,251,254,255,252,252,243,249,255,255,253,255,252,251,251,244,247,241,240,236,240,246,237,234,214,192,183,185,184,169,153,150,155,151,148,151,170,170,165,196,241,251,255,247,242,254,240,245,210,195,196,186,202,204,210,237,255,169,146,167,169,174,153,137,173,182,115,116,131,103,130,202,209,179,188,174,183,201,160,128,169,185,212,224,226,195,200,208,231,229,244,200,194,187,178,171,180,172,189,211,147,185,178,146,107,60,68,116,108,140,190,192,154,163,168,121,106,111,79,103,132,148,107,164,135,116,110,102,108,126,105,76,75,105,91,37,50,60,71,102,93,100,118,115,89
236,235,241,241,255,248,252,253,243,231,221,191,172,197,205,246,248,255,253,255,250,255,251,254,253,255,253,255,251,247,255,255,255,251,229,226,234,235,244,245,244,231,239,249,245,246,237,230,234,233,234,223,195,177,180,189,185,160,163,164,153,150,174,230,255,250,248,246,236,240,211,211,190,200,177,183,188,188,184,193,186,193,243,203,206,222,230,219,211,218,214,198,214,196,198,231,232,225,213,199,180,163,131,169,152,97,131,160,148,156,121,146,106,110,183,185,111,89,79,66,67,114,104,136,181,111,120,119,119,153,144,107,177,139,134,126,138,144,169,181,175,158,138,132,126,113,140,128,88,118,107,98,96,86,114,115,77,98,159,97,80,96,97,96,119,101,105,120,104,105
255,251,250,255,255,252,241,233,217,146,157,136,165,167,143,145,187,207,234,239,242,248,241,239,248,248,248,247,247,239,206,166,136,139,147,153,164,188,209,214,209,227,244,246,238,207,223,227,238,235,215,210,221,224,186,194,184,196,178,175,169,183,184,255,250,252,224,224,209,203,194,181,181,175,174,178,180,177,177,181,192,168,189,245,224,173,166,175,190,188,130,165,143,127,138,185,191,180,173,184,161,118,99,147,158,179,185,198,177,152,130,145,98,113,144,173,132,98,100,119,101,142,169,152,122,117,123,54,81,163,176,138,189,170,126,112,116,146,147,182,158,164,158,127,142,127,130,135,110,96,71,86,87,67,86,105,79,120,150,139,121,75,73,62,84,98,92,87,104,122
253,250,255,255,243,215,206,214,167,90,104,122,174,188,142,117,100,97,108,113,118,122,116,120,116,105,105,121,131,125,119,121,125,143,141,155,191,193,192,223,238,243,244,238,231,207,221,222,224,195,194,206,210,221,208,202,193,201,180,180,185,159,175,251,238,233,199,192,177,169,165,164,168,166,166,171,175,172,167,163,163,195,167,167,214,255,183,201,186,194,144,134,167,187,171,222,189,171,158,182,169,184,124,154,191,184,208,228,182,131,135,132,108,145,143,149,143,108,80,108,117,138,153,169,143,89,159,96,92,81,129,161,204,192,116,103,113,110,130,145,150,170,136,147,171,198,155,89,78,86,70,81,98,82,75,74,72,107,129,149,162,77,56,82,92,73,86,93,116,126
242,255,251,215,211,232,214,170,146,91,115,143,170,191,162,147,127,107,100,93,84,73,64,74,80,91,87,80,94,110,118,127,151,171,191,213,232,226,221,232,232,244,241,226,225,227,246,243,229,222,225,227,237,222,205,214,201,187,194,188,178,173,217,192,179,185,167,168,166,160,156,163,159,161,163,167,172,173,166,157,165,162,161,154,149,171,221,173,147,174,172,113,148,206,170,190,166,168,171,170,170,180,143,141,180,178,161,206,166,135,132,150,173,155,161,190,150,84,59,94,108,118,101,125,121,64,129,81,69,73,93,143,215,180,94,78,92,102,134,124,154,192,155,167,182,187,137,88,89,72,70,90,91,62,83,86,73,77,103,124,151,79,55,84,73,50,85,86,117,129
255,237,215,211,193,159,145,154,158,106,111,137,153,191,169,142,144,134,135,131,124,118,119,136,125,123,115,121,129,115,115,142,154,185,210,210,197,183,172,164,183,225,241,212,188,191,206,202,184,194,200,195,216,205,207,227,238,224,218,210,221,194,188,159,149,167,165,164,168,163,154,157,156,161,165,166,170,175,171,164,153,166,165,156,145,155,173,233,119,141,204,156,120,160,128,120,184,203,185,166,157,153,174,153,149,166,174,194,175,108,130,148,136,127,111,135,168,164,111,96,135,138,96,94,101,71,60,57,61,101,115,105,165,128,65,80,74,123,153,132,132,140,159,168,169,186,138,70,62,60,79,72,104,90,103,133,72,77,85,131,119,78,59,79,75,69,94,87,101,122
201,197,189,179,171,166,165,166,168,135,133,156,166,209,188,146,161,157,158,147,137,135,131,138,152,149,144,155,162,139,127,148,154,199,203,185,188,181,180,207,254,229,191,170,181,207,199,179,190,192,217,217,214,216,238,224,224,230,237,230,244,236,200,181,152,169,173,159,161,163,159,157,151,160,168,168,168,170,169,164,149,151,150,150,159,177,189,228,205,148,167,179,162,202,171,137,176,219,204,191,127,128,153,157,191,167,142,208,170,146,146,139,125,95,89,121,151,170,134,113,105,107,84,69,81,81,62,82,134,99,144,113,115,137,74,89,103,105,112,122,135,130,165,159,158,189,145,77,74,70,88,93,83,90,80,78,89,88,106,157,108,64,43,75,100,96,88,95,89,106
184,185,186,183,176,170,166,165,153,153,160,169,159,189,191,167,168,164,163,152,153,163,157,153,146,156,157,158,164,160,153,156,207,210,199,184,179,186,212,244,220,190,180,202,215,212,180,172,166,186,201,194,181,186,213,210,210,215,233,230,224,242,199,159,147,158,175,161,159,163,163,157,149,160,172,174,170,165,160,157,136,142,137,133,164,152,194,187,238,212,195,190,172,197,179,160,160,176,211,193,155,177,198,218,193,157,136,167,176,137,159,177,139,87,92,108,108,157,153,109,111,114,107,73,71,84,108,80,151,124,154,143,98,135,97,75,80,84,128,138,134,133,160,173,140,133,130,81,51,124,175,102,65,112,115,87,81,56,90,118,102,71,51,82,108,103,86,103,86,91
168,181,189,178,157,148,157,171,169,167,160,164,161,183,198,185,175,172,172,162,164,173,165,160,170,158,163,182,182,166,174,201,210,180,179,186,183,212,244,239,202,180,187,220,223,210,181,191,219,228,196,173,162,168,187,201,179,185,189,224,247,218,169,178,149,147,178,173,165,158,156,147,153,160,170,175,171,162,156,155,139,129,147,150,140,161,164,200,192,215,215,204,217,231,205,168,168,126,147,112,122,157,179,177,178,174,128,155,176,169,144,172,144,109,95,100,99,97,90,138,99,100,108,97,82,89,131,111,106,156,153,125,82,75,103,77,75,86,136,143,138,128,114,124,123,100,55,36,73,133,158,177,226,208,89,83,39,64,81,98,104,99,81,109,112,105,107,110,81,82
181,175,163,154,152,159,167,171,165,165,157,160,160,170,195,198,174,176,183,177,173,174,168,170,172,174,182,184,176,181,200,217,199,189,182,188,215,241,235,207,176,187,213,226,201,193,191,230,223,195,167,184,182,202,208,178,176,181,211,253,235,193,183,162,148,133,171,176,169,160,164,160,157,157,163,170,168,160,155,157,140,137,132,125,147,129,158,177,191,192,197,184,202,195,179,151,137,134,149,147,124,163,197,202,180,191,176,162,161,173,181,193,148,112,91,79,89,132,122,120,104,93,112,148,109,79,99,170,145,149,127,70,91,75,124,94,79,93,127,153,145,97,77,112,94,65,58,58,67,148,193,205,198,182,82,66,93,52,93,132,111,101,79,128,119,99,115,103,73,80
167,156,145,137,138,154,173,178,164,161,158,160,160,160,178,209,185,180,179,183,185,181,179,180,181,180,182,187,197,213,212,196,191,199,194,210,247,241,202,183,185,203,241,212,194,194,208,221,185,179,185,182,194,200,179,178,184,187,249,243,177,172,180,157,155,126,158,172,162,171,162,153,144,163,157,182,156,165,165,155,146,140,131,123,125,135,145,150,167,191,222,183,166,178,165,177,202,166,159,163,164,156,183,187,164,170,175,193,185,175,184,178,132,147,122,112,103,127,184,165,88,85,133,105,88,144,78,83,128,157,107,62,65,94,132,131,97,75,92,129,118,80,85,120,105,69,73,61,93,164,202,185,186,152,95,80,57,68,73,120,161,63,61,88,95,72,118,139,85,74
158,147,133,122,130,156,170,163,162,155,149,154,160,158,164,182,201,182,174,183,187,180,178,186,185,180,185,198,204,206,200,189,191,191,220,249,236,206,192,189,209,226,223,204,194,190,219,207,188,187,181,186,198,195,188,182,179,225,242,202,174,177,174,169,155,128,151,175,167,164,163,159,152,163,159,170,153,158,153,149,142,137,129,120,116,121,130,138,170,160,184,215,169,191,152,153,184,157,156,172,156,163,164,178,154,168,173,190,209,194,186,174,166,137,156,109,108,136,138,162,139,105,126,106,86,119,111,91,115,127,111,98,74,88,98,106,94,67,67,93,96,77,73,85,74,56,63,59,104,149,190,161,107,116,131,103,57,77,113,114,192,121,115,150,149,148,175,187,155,150
154,156,147,127,124,149,167,161,149,145,143,151,159,157,157,169,207,189,176,180,185,184,184,188,193,181,187,205,208,199,192,189,199,213,238,240,210,187,186,189,229,227,204,187,189,196,216,196,197,200,182,190,194,181,187,182,200,245,220,173,173,180,176,174,161,144,151,174,167,157,163,154,157,160,162,157,157,159,152,156,152,148,143,136,126,121,130,142,141,157,168,223,201,171,145,182,191,187,163,172,157,117,164,155,138,186,175,161,216,197,174,183,182,142,174,172,144,117,144,142,156,138,125,98,93,89,136,165,104,108,99,101,86,95,63,60,125,115,114,126,134,133,133,136,125,114,119,128,175,175,205,177,171,169,175,137,115,103,127,123,110,73,60,90,77,94,95,91,55,73
170,174,168,145,131,145,160,159,130,135,139,147,154,153,159,173,194,195,189,179,181,191,193,186,198,185,189,203,204,198,197,199,206,236,228,199,190,187,192,213,223,197,191,176,185,206,199,193,197,200,188,188,184,173,184,194,227,219,183,172,174,174,179,164,163,160,150,167,166,158,168,149,160,157,164,149,161,160,151,161,151,149,149,145,132,120,126,139,149,164,157,176,221,142,133,168,187,193,159,174,167,120,160,133,128,154,182,163,173,172,191,178,176,163,183,173,173,171,173,185,177,175,168,163,195,182,155,137,176,170,145,148,157,154,117,105,123,116,98,80,73,74,81,90,89,68,70,93,132,115,127,126,126,131,153,134,98,39,56,75,93,83,68,80,70,94,83,67,71,92
189,178,167,156,147,148,152,149,128,133,134,138,146,149,157,170,177,190,196,189,187,194,196,192,199,190,191,198,199,202,205,203,203,220,207,186,187,190,203,234,198,175,180,184,189,201,189,191,185,187,193,183,179,183,192,220,218,183,157,173,175,164,170,156,164,160,139,161,171,159,170,157,161,154,162,144,159,154,146,154,147,147,150,149,135,120,121,131,147,145,165,160,210,182,160,187,183,177,165,191,173,194,150,142,128,143,187,183,182,171,197,204,194,185,202,185,158,205,200,154,138,136,159,142,124,141,114,114,155,124,98,90,84,67,75,40,82,86,81,78,86,90,92,100,103,84,90,116,137,129,110,123,108,122,167,170,99,61,93,94,85,92,85,78,85,105,99,82,69,84
187,174,170,168,154,143,145,150,143,141,133,133,143,149,152,158,168,176,189,198,196,191,194,202,195,191,192,194,196,202,204,197,193,191,190,184,186,205,210,193,176,179,175,200,195,186,190,184,181,182,194,182,183,196,200,226,182,174,159,166,175,163,157,161,170,158,132,156,172,153,160,162,156,150,155,145,156,150,151,155,150,150,153,151,141,128,123,126,138,148,169,153,164,204,118,156,158,158,150,150,144,183,168,176,121,75,136,164,124,117,165,160,136,169,177,183,173,195,176,175,179,140,130,147,144,154,114,167,134,99,95,80,65,96,153,66,51,67,75,81,90,85,81,91,105,105,130,162,168,161,114,112,104,105,104,114,72,57,79,82,86,101,100,84,101,104,100,93,66,75
182,176,179,178,157,139,140,148,143,143,136,133,141,148,151,155,164,165,174,189,194,192,195,203,192,185,185,188,190,196,198,191,185,180,177,176,187,208,197,158,173,187,184,202,188,181,185,176,185,188,185,181,191,202,201,203,166,174,169,161,169,165,152,163,166,164,140,146,160,152,154,157,154,149,148,150,152,148,161,160,150,149,148,146,142,136,129,125,130,147,148,153,165,222,149,147,159,170,157,119,135,151,200,201,130,109,138,150,135,128,144,163,146,132,177,184,155,158,134,177,189,153,87,120,139,119,90,161,136,106,102,71,51,101,145,62,58,67,58,52,63,67,72,88,75,74,103,147,158,137,107,103,102,104,76,87,78,53,61,84,77,100,103,93,109,97,87,95,95,87
189,177,175,175,162,145,136,131,125,135,137,133,137,142,151,161,159,161,165,172,184,196,199,197,191,179,176,181,184,190,194,192,179,181,169,175,198,190,173,183,178,185,199,193,174,188,172,174,183,190,172,178,197,203,202,182,173,166,172,161,158,164,152,154,149,168,149,132,146,159,160,154,158,153,145,152,145,141,160,155,156,154,151,149,150,150,144,136,121,136,154,171,154,171,208,144,174,171,165,109,113,136,134,128,98,111,137,135,124,130,126,136,131,162,158,189,188,141,139,136,163,172,109,129,119,104,121,134,129,104,98,82,69,92,112,109,85,83,64,62,88,95,79,72,104,75,79,125,138,99,108,122,132,107,73,76,67,58,78,66,56,86,94,101,116,101,87,108,96,86
184,182,184,184,168,145,136,142,125,122,135,134,130,144,153,155,162,153,160,169,192,192,198,195,186,191,185,181,189,188,184,190,176,171,171,177,178,174,173,178,182,188,187,178,170,171,172,172,190,172,177,191,191,193,189,170,159,172,164,150,156,164,157,149,155,153,153,133,136,160,158,156,157,147,142,146,152,153,154,156,145,150,157,156,149,149,149,142,133,141,141,157,167,153,211,169,173,211,195,207,99,116,126,123,124,131,153,115,148,149,145,131,113,134,149,162,173,111,116,126,140,148,115,113,112,118,121,145,142,92,65,87,73,98,95,102,95,85,99,101,112,82,83,86,68,56,77,112,127,115,124,94,129,103,55,58,73,102,65,58,66,48,83,58,59,102,103,83,94,98
193,185,184,187,177,154,138,135,138,129,135,136,137,144,146,152,153,159,168,168,179,185,191,188,164,127,154,178,181,188,176,179,174,175,177,178,173,167,167,171,177,172,169,168,165,162,169,179,170,170,178,181,176,179,179,167,162,156,152,150,149,151,152,152,154,158,157,132,130,153,153,151,154,148,144,147,153,155,155,154,143,144,155,162,158,154,151,146,148,131,146,153,153,152,164,200,151,159,211,185,154,121,111,135,179,155,139,132,117,148,171,116,136,143,150,153,140,94,119,102,107,150,109,89,79,85,114,151,136,137,107,93,80,87,93,85,77,107,137,123,125,90,80,75,55,65,79,89,92,100,121,103,124,116,79,31,68,81,65,53,42,74,66,51,45,56,67,63,63,46
176,177,183,184,169,145,135,138,133,126,127,129,136,139,137,150,151,165,168,167,168,184,184,176,112,114,102,135,161,159,171,164,171,178,180,174,165,161,163,166,168,162,157,156,158,163,171,179,161,171,176,170,167,169,165,155,156,148,149,150,143,141,142,139,148,155,155,131,124,142,149,150,147,145,143,143,148,152,151,146,140,140,152,166,164,156,152,149,152,132,139,147,147,161,140,215,188,185,197,189,166,115,73,69,154,143,122,90,92,135,157,165,128,138,129,139,148,97,111,120,113,117,85,104,94,87,150,161,87,103,83,88,98,70,79,78,85,130,152,127,134,97,76,69,61,82,85,82,73,84,97,96,101,123,114,57,88,81,70,68,55,78,64,65,44,34,53,91,65,48
174,159,152,162,167,153,131,116,126,131,135,130,136,141,139,156,166,173,163,162,157,172,159,145,94,123,112,145,171,155,161,153,168,175,174,163,155,159,164,165,159,163,157,149,156,173,175,165,157,163,162,160,167,168,156,146,146,154,147,136,137,141,140,139,152,156,154,138,127,132,143,152,144,145,143,140,143,149,147,140,134,138,154,165,162,156,152,147,146,146,127,138,147,165,150,180,195,177,145,165,127,111,75,91,129,191,125,77,147,141,174,125,119,143,141,129,145,116,100,99,123,140,119,115,121,115,187,146,107,123,92,69,84,94,107,90,97,145,169,149,156,103,68,65,80,94,91,99,87,78,69,81,93,93,73,55,66,72,53,60,66,84,115,57,27,69,72,82,78,81
151,152,157,162,154,135,119,114,116,137,146,129,127,136,138,153,148,153,151,165,170,187,181,179,147,113,150,167,162,164,146,159,167,170,164,151,147,157,165,165,157,159,156,153,162,172,165,147,150,150,150,156,164,161,150,146,142,156,136,121,137,142,142,160,163,161,155,150,137,127,138,152,147,148,145,142,143,148,145,138,120,136,156,163,160,160,155,142,146,150,131,132,140,153,156,138,236,183,147,120,133,138,91,141,132,159,156,122,158,127,191,175,136,119,148,140,121,105,83,70,115,157,133,102,139,100,166,168,99,105,92,73,73,108,124,123,108,151,168,135,130,80,60,67,86,100,101,108,93,76,58,77,63,65,74,90,62,58,31,28,55,71,119,38,42,92,76,69,100,104
146,139,140,151,155,141,117,100,105,130,147,129,122,136,143,152,161,162,164,173,170,171,171,178,177,150,157,153,153,160,146,157,165,164,155,145,145,155,161,161,158,150,149,159,164,156,145,140,150,151,155,158,151,143,143,146,141,145,129,129,148,140,136,164,161,156,149,152,143,130,139,150,146,146,145,144,145,145,141,137,111,129,151,159,161,166,159,139,149,139,147,136,137,144,153,142,196,224,182,128,170,183,138,159,183,130,166,121,100,102,131,177,129,117,145,128,98,91,73,67,81,92,108,130,176,108,120,116,101,99,111,113,93,98,111,141,124,140,138,95,93,72,73,71,81,107,115,95,71,63,55,73,72,66,86,82,51,52,55,46,74,87,92,37,85,86,72,84,90,79
134,142,151,149,132,114,109,112,106,122,142,133,127,143,151,154,145,145,152,155,160,157,165,171,166,195,173,168,176,160,155,144,155,155,151,147,148,154,157,157,155,147,148,157,155,142,136,142,153,153,160,153,134,131,140,142,136,127,124,135,145,141,144,159,156,156,146,150,146,136,142,141,142,142,144,148,149,144,138,135,119,124,136,147,156,165,159,141,145,139,154,147,143,143,154,161,127,235,222,178,168,173,155,127,163,145,116,89,99,137,148,96,111,149,163,124,86,91,91,67,101,77,86,95,118,129,125,80,80,96,95,82,92,99,129,153,116,106,114,100,109,99,102,82,76,104,120,79,52,48,51,61,59,44,58,54,58,66,64,43,103,131,104,53,98,92,79,73,118,111
154,156,154,141,118,101,100,108,104,107,126,125,119,131,136,134,149,143,149,149,166,165,173,170,182,180,189,187,164,151,154,154,145,147,149,150,152,154,156,156,150,151,153,150,143,138,140,145,147,146,151,140,120,129,144,138,132,113,115,122,123,145,170,169,164,169,154,152,148,140,142,128,141,141,146,155,156,147,139,137,134,123,122,134,148,159,156,144,139,154,149,155,150,139,154,159,137,171,215,190,183,190,173,113,112,121,131,114,89,110,160,137,125,119,148,180,112,73,112,106,83,73,80,88,96,134,118,109,106,100,73,78,122,84,105,131,98,70,90,101,110,99,120,114,70,90,113,73,52,45,48,52,51,53,63,53,42,51,70,96,101,102,98,90,112,99,81,78,90,104
156,161,165,162,141,96,105,110,103,112,109,116,97,124,126,149,154,153,155,164,171,167,169,181,181,180,177,173,171,169,163,156,155,155,152,151,155,161,158,151,143,146,151,148,144,138,138,140,158,142,149,126,125,140,120,130,127,109,109,122,131,145,157,157,146,149,149,143,136,134,134,135,140,142,147,158,162,146,133,135,144,140,117,111,140,158,151,144,142,154,149,148,158,145,139,161,154,136,213,178,186,183,148,90,85,116,127,124,88,102,166,153,86,107,129,168,124,98,126,110,103,130,124,76,95,126,102,97,107,88,97,89,142,129,106,109,104,72,77,91,101,105,124,97,98,80,76,53,58,55,47,34,43,54,83,63,62,56,84,76,87,96,76,108,97,74,85,114,99,84
158,166,169,153,130,111,116,110,113,104,109,117,118,120,123,142,137,153,156,152,161,172,173,170,176,179,179,175,171,166,159,153,154,159,160,155,151,150,147,142,140,145,147,148,139,126,134,142,150,167,127,126,131,101,110,125,114,102,110,136,148,145,147,152,148,147,144,138,130,125,126,128,140,150,156,155,147,131,124,131,147,140,123,106,112,137,150,141,138,149,144,141,151,150,145,151,167,151,183,200,183,211,188,114,100,101,100,92,91,88,136,192,123,126,156,152,121,134,128,132,130,158,154,105,101,127,104,98,100,70,103,138,169,130,120,102,124,84,91,110,121,114,119,109,160,98,76,79,84,58,50,47,36,50,83,79,82,79,96,88,84,89,75,83,100,102,103,86,94,88
153,156,177,181,147,125,116,123,113,93,106,106,130,123,130,136,136,155,159,152,159,172,172,165,176,180,180,176,170,165,161,156,159,161,159,151,145,143,140,135,130,145,141,142,130,122,139,144,144,140,128,132,123,108,119,124,98,110,131,153,160,149,142,148,148,143,138,134,127,120,121,125,133,142,144,138,129,117,116,126,144,142,137,113,95,120,147,139,135,143,143,138,145,155,152,142,157,156,151,212,162,204,213,146,123,141,122,79,125,138,125,180,184,177,181,141,112,133,123,156,155,161,167,160,130,119,83,86,89,98,80,121,154,146,147,130,117,77,84,104,132,129,97,75,123,85,78,98,105,80,70,53,51,65,90,100,98,95,96,90,81,66,77,87,110,99,103,92,97,104
108,149,188,171,127,137,120,106,111,97,107,97,125,131,138,133,140,146,149,155,163,163,164,171,177,177,174,170,167,167,165,162,158,153,143,134,134,138,136,130,128,150,137,135,124,130,147,141,148,137,125,107,113,129,128,137,100,138,161,161,159,152,143,143,143,136,132,132,127,120,119,124,137,132,125,124,123,112,107,114,128,132,129,103,81,96,124,132,132,137,145,145,144,155,158,143,159,170,166,210,146,148,179,145,126,152,173,128,114,174,188,183,157,188,177,156,119,96,105,144,146,158,157,138,99,120,97,78,93,103,57,156,174,143,124,125,104,83,84,77,103,115,63,25,47,57,71,92,97,80,70,53,59,60,58,65,60,75,88,103,88,60,82,97,100,71,71,79,79,98
124,139,168,169,137,137,124,133,118,108,110,107,120,132,132,131,134,132,134,146,155,152,155,170,169,168,165,165,168,170,166,161,148,146,139,130,128,132,133,131,141,149,130,135,128,139,145,142,147,129,124,127,111,119,139,114,137,166,174,163,158,152,140,134,137,132,129,130,127,121,118,119,109,100,96,108,116,105,97,105,130,138,127,106,95,96,114,140,127,127,142,151,145,151,160,156,147,155,175,185,157,114,135,128,132,172,176,170,154,172,152,150,112,153,144,173,181,150,122,104,118,118,134,155,116,114,96,90,81,84,82,208,194,136,121,97,78,78,78,53,63,88,56,39,58,55,54,76,88,77,76,94,108,119,120,135,125,129,124,134,137,124,135,139,141,140,133,120,133,165
106,136,145,126,126,153,141,117,120,107,106,120,121,127,120,134,135,138,138,140,146,147,149,157,160,160,162,167,173,173,165,154,149,156,157,149,140,139,141,142,145,134,120,135,130,141,135,147,131,115,129,133,128,129,128,136,179,177,169,164,162,151,135,127,137,134,131,129,126,122,117,113,106,103,103,113,116,103,96,105,106,119,115,108,108,97,95,116,126,120,132,146,145,149,161,166,153,149,176,178,199,158,143,141,145,145,145,188,176,157,121,91,105,126,125,146,176,184,135,96,100,118,129,119,81,104,110,90,119,140,159,235,225,158,156,136,139,140,141,136,141,160,141,139,120,113,133,161,156,133,88,72,75,79,67,67,56,58,53,66,58,61,63,61,70,83,84,65,90,131
115,130,128,134,166,172,163,147,123,110,108,119,119,125,121,136,138,144,142,139,143,144,144,147,152,156,161,166,170,168,158,148,161,166,166,159,153,152,150,147,138,128,122,124,111,132,114,129,117,135,120,100,150,154,123,192,175,165,160,159,151,142,132,122,134,134,129,122,120,121,116,107,108,106,96,86,82,77,75,80,100,112,122,127,128,121,115,115,134,122,122,133,141,149,160,165,155,151,153,168,182,183,136,133,148,159,152,173,200,177,160,167,160,174,181,169,162,187,178,176,148,146,161,175,150,141,140,126,101,113,126,190,173,97,73,96,86,82,80,95,95,96,75,67,75,62,106,115,81,104,83,51,58,72,72,76,75,68,50,48,59,69,67,57,75,70,93,85,102,144
110,139,131,129,177,190,194,173,135,126,123,114,116,127,128,133,128,131,132,137,142,139,138,146,147,151,155,158,159,156,149,142,168,162,152,148,152,157,150,138,135,138,136,111,85,118,90,95,114,120,117,146,150,155,181,150,141,147,155,147,130,130,129,116,126,127,121,111,110,115,111,101,106,104,85,69,78,98,109,113,109,109,122,128,123,134,142,131,146,129,117,122,138,152,158,159,159,169,147,181,163,210,157,161,168,135,145,152,173,150,147,128,144,130,114,119,121,144,145,131,106,96,102,112,108,105,103,75,81,92,105,170,115,109,81,79,84,92,93,113,103,103,98,93,92,71,140,133,53,82,84,55,70,85,88,90,94,79,50,37,44,63,62,43,87,85,126,110,106,144
94,101,120,153,197,204,177,171,160,135,132,123,120,113,131,135,135,134,133,135,139,143,145,145,143,146,147,145,142,142,145,149,167,159,155,158,160,156,153,153,144,132,120,110,105,109,111,104,83,92,115,155,138,147,121,121,161,160,157,151,140,125,116,113,112,117,106,85,85,104,106,92,66,77,92,103,111,117,118,117,126,134,140,136,131,130,133,135,118,144,127,127,123,140,159,170,156,170,152,163,177,188,112,150,147,129,118,167,174,141,133,149,151,160,113,123,145,184,165,131,119,116,105,124,108,130,100,118,121,91,122,156,110,103,101,64,90,96,101,111,95,101,79,64,62,60,102,150,105,75,64,68,94,98,88,82,87,73,49,38,54,62,68,88,107,124,129,110,76,100
111,123,135,179,203,197,207,199,178,156,148,138,125,116,122,122,141,145,138,125,127,141,144,136,141,139,135,133,132,135,139,142,129,127,130,139,149,153,153,153,152,134,127,131,127,116,103,91,90,92,119,129,155,167,175,175,170,160,148,136,122,109,104,106,103,95,96,96,88,84,75,57,93,106,120,131,138,144,148,150,147,146,144,140,133,129,130,132,122,137,137,148,131,140,159,160,173,151,161,152,176,198,180,98,99,104,164,112,108,140,161,152,183,145,118,91,157,170,162,123,102,91,96,135,112,101,88,124,133,107,100,120,109,101,90,86,97,87,109,109,117,115,101,73,67,85,96,78,64,57,80,72,79,96,95,90,93,74,45,37,70,95,113,123,119,118,119,102,84,93
139,153,167,194,109,50,51,94,181,212,195,168,163,149,116,113,114,128,133,125,121,129,134,131,137,133,129,128,130,133,136,137,139,139,138,139,143,147,145,141,134,135,133,125,121,127,121,102,71,84,113,103,166,187,192,165,150,133,116,107,101,100,108,119,100,113,94,70,65,54,63,105,115,126,136,140,141,145,151,155,148,151,154,154,146,134,126,124,135,134,146,162,138,140,160,157,161,146,158,155,149,189,210,82,126,109,188,178,101,125,133,156,140,136,99,74,143,156,112,122,111,87,78,111,101,91,94,108,80,77,96,119,97,92,89,85,63,55,93,90,90,94,100,85,80,100,105,73,58,53,76,55,59,74,72,69,70,51,43,69,98,98,86,82,90,109,119,100,89,85
168,152,133,66,26,38,35,54,63,112,177,210,173,162,160,156,129,119,114,123,132,132,128,125,128,128,129,131,132,133,133,133,134,134,131,128,132,139,141,137,144,143,133,116,108,114,105,80,83,87,102,111,179,186,157,126,131,118,106,101,95,90,91,97,93,95,97,90,84,90,102,108,103,121,142,154,159,163,167,170,174,176,174,164,153,144,134,126,142,132,141,156,144,143,159,164,165,172,168,167,157,180,205,145,114,159,178,154,158,143,103,90,97,89,81,106,103,143,122,116,104,93,75,80,87,108,125,96,105,88,75,80,81,110,120,112,86,78,101,94,58,68,79,78,87,90,100,82,49,67,78,65,47,48,40,51,63,39,31,65,76,82,76,72,79,101,118,105,93,89
139,153,155,46,63,60,74,71,67,122,140,130,137,194,189,146,152,133,115,107,102,101,111,125,117,121,125,126,126,126,128,130,118,120,120,117,121,128,128,124,111,96,99,120,129,124,115,107,113,89,91,108,168,147,120,121,105,95,90,101,111,108,92,79,90,118,112,111,132,114,84,95,132,141,150,155,159,168,178,185,177,180,176,169,169,167,146,119,127,121,126,137,150,149,153,166,173,171,166,147,169,162,183,191,129,143,151,185,169,124,83,68,81,64,62,90,114,114,119,103,111,118,112,100,96,110,130,97,93,98,64,69,104,114,90,102,128,113,118,105,67,67,85,78,71,93,121,88,67,79,71,81,79,63,35,31,47,36,21,33,41,60,70,74,76,85,92,74,98,104
157,165,100,63,87,79,95,98,97,88,139,181,159,177,198,171,150,139,117,93,83,90,107,119,115,118,120,119,118,119,124,129,124,125,124,120,117,112,105,99,107,107,119,129,121,110,108,108,97,91,98,80,131,122,123,128,139,159,171,153,121,103,112,127,135,118,115,121,115,111,123,136,154,159,162,159,154,149,144,139,134,129,122,127,149,168,157,132,107,106,116,122,151,155,151,160,181,178,174,165,163,172,179,215,110,142,151,177,160,174,107,96,107,130,108,115,168,122,101,118,121,108,101,96,83,75,88,87,101,96,68,80,104,108,99,129,120,113,122,99,83,55,100,88,91,87,104,93,157,134,86,85,86,88,62,28,19,21,18,16,46,63,74,81,79,80,81,63,59,74
178,182,78,82,86,111,115,108,96,95,123,150,166,176,191,188,173,145,114,105,116,125,120,108,117,118,119,119,118,119,122,124,119,116,114,113,109,102,96,94,107,122,130,114,93,93,97,92,67,93,100,71,103,133,140,135,151,155,150,139,136,143,146,144,143,129,115,130,163,175,179,194,170,156,134,117,115,125,137,143,136,116,93,85,101,127,147,156,116,106,119,114,136,153,160,159,164,176,173,181,155,174,168,199,216,151,172,163,186,200,157,79,112,149,155,148,132,125,110,105,146,112,90,86,81,81,85,105,97,79,58,74,92,110,106,109,123,128,121,99,83,37,90,75,64,64,88,98,141,107,120,140,49,78,89,62,31,23,21,12,24,50,72,78,62,50,57,53,55,68
185,134,70,85,117,115,127,133,114,118,142,144,153,163,189,187,183,159,140,133,124,110,109,119,117,117,119,121,122,121,118,116,123,115,110,109,105,100,99,103,105,99,97,95,90,87,79,66,57,80,70,77,86,136,129,140,124,146,158,150,143,150,157,157,148,156,177,194,201,211,211,198,204,203,203,204,206,205,196,186,172,156,137,119,101,94,110,133,140,117,128,110,118,148,172,165,169,178,186,181,195,179,178,184,198,113,95,111,157,165,141,108,90,151,172,116,100,133,126,112,155,128,97,72,61,73,64,82,85,116,93,76,92,105,91,106,136,141,100,94,76,39,77,54,50,38,42,69,73,79,124,88,49,64,84,78,52,40,38,30,52,51,48,56,57,57,62,51,65,73
198,72,94,100,119,123,142,140,151,152,135,155,149,145,160,185,177,127,116,133,126,104,104,109,120,111,102,121,121,124,110,111,116,98,98,110,109,103,100,93,94,89,83,81,70,61,63,58,47,89,76,65,67,126,130,143,116,124,166,156,158,145,152,155,163,129,129,161,183,199,212,214,207,216,213,209,210,201,196,204,185,166,142,157,140,133,102,98,136,149,137,110,109,128,149,171,176,179,177,181,188,178,189,178,206,147,151,136,140,143,165,156,107,145,137,109,108,108,176,129,111,86,63,56,58,61,67,74,90,98,92,88,114,99,65,91,133,111,113,102,106,87,66,46,41,47,43,68,70,77,83,88,69,69,58,64,51,44,37,37,64,68,64,61,58,51,67,71,86,85
135,80,108,120,138,133,152,156,157,165,153,160,157,150,153,157,166,157,132,118,126,116,99,99,89,102,100,100,93,107,102,97,94,99,102,96,90,93,94,87,72,74,63,51,53,66,60,32,41,41,61,40,65,117,127,164,137,129,153,143,148,140,137,146,153,171,189,188,189,207,214,197,209,207,192,184,190,193,197,208,186,148,166,183,176,175,159,87,100,141,160,127,109,126,148,175,186,184,176,165,187,193,192,196,186,196,173,181,145,141,148,134,108,111,160,135,85,82,125,115,69,53,36,32,41,51,55,54,62,75,91,110,86,95,90,123,136,104,88,82,101,86,66,62,46,56,49,46,35,54,72,89,55,67,81,74,53,43,34,42,72,57,85,78,63,62,78,65,72,87
95,99,114,120,135,129,145,157,153,167,167,166,176,174,172,159,157,170,152,128,126,122,103,96,68,83,79,68,60,77,80,76,94,92,86,84,86,81,76,78,68,51,42,45,46,41,43,52,33,22,16,6,36,129,140,161,141,121,140,141,136,118,118,164,166,195,204,205,209,191,181,204,193,192,184,182,190,192,188,189,172,135,154,173,179,171,180,154,90,140,155,156,131,111,146,169,192,202,161,166,164,181,190,211,209,174,233,243,200,193,197,182,178,193,201,181,142,134,154,154,132,132,126,115,109,111,115,115,109,113,125,145,124,136,133,149,144,126,115,106,117,100,82,90,102,99,87,69,54,64,66,75,63,67,81,66,54,49,41,47,54,44,83,67,75,84,83,51,79,99
79,105,125,137,150,150,143,145,172,177,177,170,191,194,198,188,152,143,142,142,121,122,117,104,54,52,49,50,47,43,39,38,52,60,57,57,69,73,73,81,64,57,52,47,52,54,44,42,28,14,53,150,170,137,133,167,168,152,146,124,116,127,133,172,195,212,214,207,208,198,187,188,191,188,181,177,179,182,183,183,191,156,148,181,185,174,161,165,136,131,144,170,159,122,123,151,182,195,208,185,192,180,195,129,32,61,178,190,190,169,177,190,182,201,195,200,181,180,178,195,166,168,170,172,175,179,183,186,195,200,201,199,228,224,212,209,209,201,208,210,216,220,220,226,226,218,220,217,219,227,224,231,231,229,233,231,233,228,230,231,232,224,235,226,241,215,224,247,216,229
93,100,125,140,154,176,167,172,178,172,174,170,189,185,185,185,177,169,164,161,119,105,88,75,57,45,43,46,44,30,28,33,96,129,121,77,57,60,58,51,59,51,49,46,50,43,24,30,54,100,184,174,167,97,145,161,158,144,142,135,116,112,138,192,198,187,196,201,191,197,199,175,183,185,185,181,176,177,179,176,171,149,158,189,172,178,180,171,178,133,153,164,170,159,111,122,181,206,207,210,187,151,43,41,75,79,83,172,176,124,127,135,141,133,119,72,111,255,192,88,84,59,42,48,57,49,32,21,43,67,79,75,107,107,111,109,110,70,62,62,48,53,57,56,53,53,52,38,31,30,30,32,18,23,20,32,26,8,13,13,19,30,23,37,53,42,62,64,55,44
109,95,108,113,128,161,167,178,159,153,165,170,167,134,103,100,141,194,201,182,143,126,95,93,95,79,63,45,51,66,102,125,90,110,103,67,44,42,40,34,28,32,49,46,39,39,67,136,189,154,168,123,147,123,148,164,171,149,131,124,108,107,165,210,194,199,191,190,197,188,179,191,176,181,190,190,183,183,180,170,173,161,172,179,158,149,157,158,171,165,152,160,172,170,146,95,148,212,207,226,151,48,42,45,43,61,131,0,147,142,113,168,176,160,183,233,245,246,144,115,107,79,62,69,75,63,47,40,44,66,86,107,107,119,130,123,131,83,74,84,61,58,66,82,80,87,78,64,66,62,66,47,52,53,42,58,50,45,40,41,56,67,57,85,42,48,74,43,79,39
101,99,98,105,132,145,144,138,147,141,151,156,132,88,40,42,76,148,162,152,144,178,162,150,141,143,151,139,134,113,101,87,65,54,51,50,42,35,37,40,57,53,49,48,111,174,167,161,148,129,142,156,171,147,132,155,132,142,123,100,105,125,163,110,142,192,199,186,199,196,181,188,186,180,179,177,175,183,184,170,169,155,158,186,181,187,162,130,156,171,144,162,170,165,169,106,127,176,235,157,11,34,43,27,116,221,255,161,143,112,130,179,164,242,249,245,224,205,128,98,106,94,86,85,78,64,57,60,42,53,68,108,128,120,112,98,99,84,76,79,64,63,61,87,72,70,54,64,76,54,65,46,45,44,47,55,46,78,54,66,57,65,67,115,14,22,73,112,50,46
109,118,93,101,149,151,152,133,130,121,122,127,108,91,67,92,114,125,103,92,99,177,172,117,82,68,68,64,75,61,55,44,45,41,48,50,40,42,54,57,74,107,144,147,169,177,134,122,141,138,128,140,174,138,150,151,140,138,120,105,96,98,184,169,28,41,123,190,180,172,184,175,175,168,172,179,181,185,173,145,175,162,176,209,143,203,181,93,167,133,153,157,163,175,147,143,95,193,128,0,34,27,61,89,150,230,237,252,229,223,247,245,214,202,196,183,174,195,124,104,88,82,74,68,60,50,44,42,29,45,62,104,180,137,110,104,85,94,70,55,63,79,61,77,77,67,52,85,95,52,88,101,54,66,96,82,48,91,44,69,38,95,97,124,39,99,112,133,16,92
112,126,131,135,131,138,139,123,133,124,89,122,158,144,162,186,181,172,166,130,135,139,146,83,42,65,64,34,52,34,46,42,45,49,66,79,87,95,129,164,171,146,124,112,132,136,117,100,166,160,96,111,144,147,142,142,137,130,100,99,85,146,146,198,241,35,47,50,135,189,151,142,166,150,150,179,174,165,157,157,162,161,170,218,151,126,155,146,185,128,126,146,162,180,160,146,174,210,162,153,73,108,149,161,183,218,239,184,204,163,155,200,198,162,132,155,197,132,138,140,77,68,86,72,91,70,86,49,26,48,37,138,164,126,93,69,57,57,49,54,58,126,56,66,69,124,55,71,114,85,88,109,101,166,123,40,22,130,48,49,70,205,45,122,120,161,179,94,89,107
108,119,125,130,101,110,76,47,121,103,100,154,170,169,180,191,174,170,151,127,152,195,221,206,135,77,56,48,59,88,114,105,127,135,150,142,152,143,145,137,115,118,116,131,116,150,153,154,168,157,109,87,135,140,148,127,136,110,95,92,92,143,145,191,255,122,57,70,59,71,176,168,153,127,128,133,138,143,111,134,141,171,175,191,167,145,120,135,156,148,147,162,153,175,170,166,181,101,38,88,135,195,194,200,210,229,197,110,97,95,101,138,200,143,108,167,166,166,152,138,126,113,87,107,90,105,111,66,48,40,67,161,131,122,118,105,45,107,56,73,108,106,78,56,63,132,81,117,122,127,87,109,186,181,126,134,44,156,107,116,96,218,3,186,113,202,226,160,144,177
95,97,108,100,45,42,27,30,122,99,138,189,195,168,141,129,159,192,196,179,180,209,216,227,224,184,177,154,120,141,134,111,91,85,106,116,130,100,113,136,96,125,105,104,140,152,130,143,135,102,89,108,154,124,132,140,132,115,109,87,71,110,104,157,255,102,84,74,73,85,67,151,159,125,97,87,97,105,90,141,144,157,110,132,116,122,156,118,124,131,149,168,151,162,179,172,86,49,7,23,57,76,255,243,236,216,182,156,121,94,85,126,200,159,128,205,189,189,82,188,151,132,117,146,111,159,137,104,106,37,99,127,114,162,144,142,69,110,80,149,142,118,144,53,46,131,114,167,154,182,143,163,185,127,151,158,143,166,175,128,192,192,130,197,200,189,205,94,169,193
74,95,103,98,77,49,62,117,52,38,112,143,152,119,101,108,142,167,178,166,172,199,185,169,154,165,157,144,150,174,171,170,159,164,161,147,134,115,118,138,104,118,90,139,119,159,120,111,104,93,99,139,159,137,132,145,140,129,93,55,85,162,149,198,249,112,80,84,78,91,75,83,132,155,111,85,99,138,144,125,192,150,143,132,100,168,206,163,105,102,149,168,156,144,171,177,122,103,29,41,41,54,222,222,223,235,209,180,176,207,169,93,185,234,190,212,187,165,153,204,159,134,170,161,142,196,152,157,113,135,171,144,139,130,190,193,132,135,106,172,161,174,199,154,106,190,158,203,183,164,181,169,181,161,212,192,201,179,195,185,210,172,195,187,162,193,187,149,197,190
42,97,81,85,109,71,58,109,62,34,109,130,102,114,142,180,185,203,217,181,157,169,175,148,146,154,116,99,105,84,98,110,109,104,77,98,109,136,139,171,144,149,158,182,168,166,168,152,139,132,125,154,162,142,140,151,111,135,108,30,101,159,152,195,253,149,110,97,76,67,74,98,85,125,135,158,164,174,161,116,117,128,171,159,144,189,179,160,127,152,186,183,180,163,167,203,118,58,22,34,35,65,247,224,223,220,221,226,229,225,190,97,140,233,232,183,183,163,210,188,180,163,197,159,163,198,160,192,144,181,184,154,175,143,181,163,151,150,146,171,166,183,179,165,166,168,195,184,176,189,167,193,191,178,187,181,198,201,166,190,198,186,197,195,161,189,173,155,185,174
69,75,92,91,53,64,80,43,71,17,80,130,88,154,184,196,198,191,178,155,149,170,183,136,145,154,137,136,118,91,109,78,103,89,61,118,132,148,129,169,100,129,105,139,143,155,140,148,154,147,125,146,169,140,153,157,104,106,83,14,166,192,186,195,238,180,102,126,136,78,77,100,123,113,135,157,128,117,135,182,148,170,169,156,159,180,187,183,153,209,195,170,184,185,160,177,142,112,0,21,38,126,201,220,205,213,234,239,239,223,202,94,119,184,224,212,181,192,176,192,188,190,185,166,181,187,166,187,186,185,202,183,178,177,166,180,179,185,181,152,165,167,180,174,190,187,169,184,177,168,173,174,173,174,196,174,179,198,174,189,206,187,164,179,177,203,174,168,173,186
53,86,106,28,56,61,61,60,81,25,66,115,120,174,163,141,195,197,156,140,122,137,166,149,142,134,121,128,102,114,127,71,72,107,113,163,168,172,128,136,140,142,134,120,138,121,133,99,129,165,130,143,161,150,163,149,115,81,52,24,179,178,193,218,219,186,107,138,145,153,149,82,85,98,97,107,142,197,195,176,207,186,197,185,186,200,175,165,182,222,205,173,193,196,206,134,113,102,21,27,53,127,111,158,214,206,199,205,226,235,220,88,119,171,187,239,172,198,201,191,180,181,176,172,195,179,170,171,180,191,163,176,164,153,170,179,144,174,161,137,195,174,158,174,177,174,172,183,179,171,177,184,195,185,172,171,157,203,182,172,184,167,190,165,190,185,171,184,169,188
70,68,146,28,82,66,77,56,59,30,64,86,168,197,182,173,193,205,144,152,136,138,146,138,155,145,135,141,89,112,139,144,112,128,132,179,181,156,115,139,92,160,147,111,147,121,129,144,151,187,131,184,167,134,138,163,117,52,15,61,201,187,178,200,189,213,123,149,164,188,175,130,43,175,189,149,129,166,201,181,171,173,148,173,188,170,183,160,168,172,201,171,176,157,239,86,25,205,91,81,83,141,123,157,195,209,205,207,212,228,219,91,84,131,156,183,226,199,168,192,184,161,188,168,197,174,172,170,170,190,164,153,162,148,154,175,184,141,143,158,171,174,163,158,165,163,199,182,181,169,174,197,183,167,161,180,172,168,171,177,167,171,176,162,174,181,175,185,167,170
37,116,128,61,94,50,59,71,58,127,108,150,135,172,180,167,178,174,158,159,178,163,152,125,146,148,146,142,139,174,179,183,154,162,141,139,175,125,127,141,119,178,150,139,144,163,151,180,165,158,161,200,149,134,126,124,99,63,0,118,195,186,171,193,175,218,125,162,171,183,188,116,5,181,148,184,205,184,210,176,152,168,162,186,180,187,178,185,183,157,192,181,198,158,246,43,2,57,139,154,137,100,103,108,200,204,205,227,214,215,239,139,82,125,142,150,199,213,175,175,180,169,169,148,183,169,158,177,160,174,134,169,138,126,144,156,158,107,149,123,160,160,143,160,163,169,175,173,173,170,166,181,175,179,154,181,171,148,184,158,181,175,177,147,168,182,177,164,146,154
36,117,102,114,117,77,107,104,103,122,188,138,169,165,174,173,160,174,166,185,170,156,145,150,172,170,137,138,170,165,144,174,154,154,158,160,181,162,161,161,146,154,160,188,162,184,174,172,138,194,186,166,159,102,97,131,97,61,3,151,181,180,181,175,183,188,133,170,153,174,205,144,28,178,173,201,182,185,185,187,88,166,169,195,169,193,183,165,195,156,180,176,178,135,231,13,0,57,107,139,175,140,112,117,194,228,229,223,220,218,214,186,108,115,125,135,163,202,189,173,175,177,175,154,161,168,177,188,153,143,167,147,158,154,153,163,138,121,155,103,163,168,149,160,155,177,170,165,171,174,162,163,174,191,167,170,170,161,159,162,170,169,183,164,168,171,172,170,155,161
34,140,141,169,147,131,95,116,127,147,182,178,170,183,166,187,170,167,164,156,179,171,184,178,172,180,168,161,174,162,164,181,184,171,193,186,179,188,172,160,165,164,164,176,162,180,168,192,166,166,169,176,149,91,113,99,100,48,0,154,188,151,182,165,165,177,167,193,180,177,178,138,22,159,159,195,183,188,179,156,122,185,157,190,146,169,176,183,163,161,178,178,215,144,202,0,0,79,145,170,173,149,145,151,196,220,207,214,209,218,199,231,131,115,127,100,126,148,195,170,179,178,166,160,154,166,178,174,166,153,170,138,169,146,163,159,146,102,149,124,162,156,157,160,158,182,160,165,173,175,163,158,170,180,179,165,165,176,155,169,183,172,176,162,156,165,174,172,172,175
65,85,183,182,187,169,178,162,161,164,174,184,179,176,159,174,171,164,179,158,186,158,176,172,165,163,164,164,175,173,185,165,177,159,186,174,155,182,157,155,172,153,187,186,165,182,180,171,165,171,161,183,118,77,111,107,86,55,0,159,196,153,165,148,174,161,158,165,178,186,148,85,12,138,188,171,173,188,163,159,167,190,167,214,182,176,161,176,162,193,155,196,181,174,154,2,2,118,172,175,159,154,160,149,169,192,167,174,139,173,186,191,155,128,111,99,92,83,168,170,172,171,158,164,167,156,165,162,165,160,151,150,173,142,164,166,175,118,161,167,176,165,169,176,173,178,153,177,174,169,173,167,171,155,181,167,160,176,167,164,169,164,166,166,163,184,179,150,164,163
196,129,86,92,95,125,146,174,173,156,187,159,181,177,162,170,185,171,170,179,185,169,166,182,165,165,166,165,179,161,160,160,179,165,179,168,155,183,157,174,146,145,190,167,170,162,165,168,158,184,173,170,84,61,104,93,70,76,17,177,143,154,155,167,168,142,167,162,150,177,148,51,55,184,173,165,176,163,179,168,176,167,149,159,155,166,154,169,169,168,166,183,157,168,149,0,1,160,179,166,170,164,151,156,147,102,45,75,103,116,167,124,170,125,119,109,77,30,169,164,153,170,165,155,172,146,160,172,163,161,166,162,177,155,150,162,162,158,165,163,167,177,156,166,178,170,160,187,169,165,182,165,178,154,180,165,168,166,167,159,164,177,173,167,152,186,182,146,170,166
167,185,178,166,178,170,113,174,152,168,170,159,162,172,174,173,174,157,153,146,169,174,173,174,167,173,190,170,151,147,151,157,178,169,165,157,153,168,149,166,145,142,134,105,177,163,145,163,153,187,170,146,125,50,49,53,79,37,34,167,137,158,157,159,143,152,182,175,161,175,134,34,116,183,159,161,165,171,156,173,173,160,170,165,174,172,155,164,150,162,177,195,165,191,141,0,0,168,186,183,171,162,158,171,153,102,47,10,41,0,90,79,130,132,150,137,44,53,194,163,155,176,167,134,163,151,162,169,165,182,177,159,182,149,164,154,172,181,174,178,161,187,170,173,169,165,174,182,164,162,180,151,178,173,177,157,178,167,161,172,145,178,175,177,156,202,223,217,214,209
193,182,181,183,169,225,155,149,161,174,159,163,164,142,165,164,167,155,171,155,181,171,170,170,170,164,175,149,131,157,153,161,174,170,158,162,164,172,168,158,126,141,156,140,159,152,158,158,157,145,181,171,133,19,31,26,24,17,141,182,154,121,137,160,153,162,147,154,171,175,116,18,125,175,151,173,154,142,162,170,171,162,170,170,178,159,152,162,165,171,198,168,184,175,153,1,3,165,172,178,163,168,166,155,139,123,99,0,5,4,66,53,72,139,143,174,45,140,183,177,167,172,166,139,159,164,162,161,156,181,167,153,187,150,181,167,172,160,154,177,150,166,168,179,162,161,176,169,170,159,167,152,173,174,174,153,158,171,158,181,134,163,154,175,148,165,164,169,182,177
224,198,179,155,173,167,182,130,175,148,148,173,162,158,136,183,171,114,94,140,166,165,140,169,162,175,170,143,147,154,134,218,170,165,149,159,158,159,164,125,140,165,135,126,182,197,157,123,155,148,175,152,131,23,24,32,27,61,199,154,150,144,135,147,152,154,151,178,160,153,122,26,153,154,158,157,152,156,175,161,162,167,160,158,166,159,168,168,157,149,181,172,161,173,175,0,6,202,183,166,166,174,159,161,134,103,130,72,23,26,35,62,65,102,133,155,141,177,167,185,164,160,173,170,163,170,164,172,165,161,178,159,185,166,146,165,159,165,142,155,159,161,159,194,163,158,170,158,181,155,155,167,172,160,170,153,120,166,155,171,157,160,134,176,166,174,159,169,152,150
175,148,144,141,152,147,160,122,152,135,137,178,141,157,138,187,154,172,156,160,178,167,148,150,148,126,132,162,158,152,126,188,134,162,173,177,161,131,149,150,113,164,120,142,144,187,184,121,161,163,167,132,156,33,19,33,14,170,181,146,173,144,141,139,176,153,140,168,140,181,138,58,173,175,137,142,169,149,168,169,179,155,160,171,190,151,176,150,154,160,168,167,157,172,134,99,2,192,180,164,157,160,161,154,135,130,83,79,44,18,13,15,45,89,125,140,188,182,166,191,158,165,178,185,168,158,166,163,149,179,175,160,165,158,150,168,155,153,159,170,161,161,159,178,164,148,164,163,175,140,159,146,169,135,149,160,124,170,151,155,143,139,149,157,136,192,154,170,159,167
164,142,206,154,164,138,158,163,169,163,148,164,162,151,185,169,197,192,178,182,139,175,189,165,153,138,132,134,132,141,158,140,155,156,144,159,157,105,168,177,132,176,74,166,120,210,181,142,173,134,144,171,151,43,43,0,107,165,165,156,144,138,154,165,160,150,163,191,102,180,97,63,169,134,148,172,139,179,150,149,156,161,179,172,145,165,149,175,153,153,160,170,170,184,140,74,16,147,163,174,167,164,146,138,132,145,110,75,60,72,76,30,9,103,121,128,144,166,176,157,174,163,166,168,169,159,159,144,158,171,172,153,142,156,167,157,155,160,136,152,163,157,152,164,155,154,168,149,172,142,172,149,152,138,160,165,142,182,153,138,124,165,161,148,157,165,160,171,170,177
143,158,199,111,153,154,202,167,189,153,172,193,168,169,129,146,130,151,161,151,160,156,154,126,150,132,153,161,154,156,149,132,172,152,163,136,171,130,128,156,153,115,113,103,135,143,143,196,150,189,129,212,162,16,52,2,181,119,138,147,158,144,139,139,149,146,128,119,120,156,93,101,168,133,141,139,156,161,180,153,148,171,206,154,140,168,150,162,153,167,135,182,173,179,94,87,48,76,170,150,174,162,134,155,137,156,160,152,145,130,119,72,25,76,122,102,120,167,171,181,160,173,180,155,155,168,174,149,166,167,163,144,133,147,156,144,147,158,133,155,157,146,157,162,161,167,147,115,156,160,199,164,130,146,150,180,148,210,161,148,125,149,161,159,167,156,169,155,172,175
135,149,138,128,143,156,174,174,149,165,160,164,123,149,109,137,143,120,149,139,141,127,173,149,133,171,154,172,160,170,177,172,165,169,150,182,155,203,187,139,154,111,130,108,92,139,176,185,159,214,150,194,150,43,38,96,134,158,123,141,166,123,148,161,149,153,124,122,100,128,122,88,143,131,98,160,154,137,150,168,158,158,146,165,143,157,146,158,168,151,171,165,156,160,83,10,66,134,156,166,163,173,156,123,131,147,128,182,148,138,109,138,64,91,119,117,162,145,167,166,162,184,186,156,139,159,160,148,163,168,154,146,152,145,138,151,148,150,144,168,152,149,166,164,156,145,133,129,113,177,116,142,142,139,155,151,166,177,161,143,153,137,153,159,159,163,169,176,174,172
113,117,101,122,136,191,138,134,155,149,116,107,166,176,140,126,119,119,154,174,151,132,151,138,163,126,140,160,149,158,128,181,186,140,92,174,150,161,141,163,132,111,165,115,113,142,159,154,161,173,170,219,171,89,23,113,131,144,213,167,170,140,161,132,143,130,150,116,87,147,136,84,128,133,139,171,121,167,136,176,148,141,129,153,138,145,169,166,138,150,205,201,190,178,61,15,119,142,122,149,170,166,181,189,193,192,168,164,179,139,123,149,98,118,129,120,172,148,160,162,186,176,164,173,160,170,151,166,158,162,158,159,166,157,152,166,163,158,151,159,156,158,150,158,164,156,163,167,153,157,125,161,151,136,146,152,176,164,163,160,147,154,164,154,178,165,161,186,161,151
138,141,151,134,159,123,150,153,138,152,140,135,181,148,117,127,143,120,138,136,125,134,178,153,156,123,139,155,157,173,171,135,169,133,128,180,117,189,181,174,185,98,157,110,58,120,139,151,151,143,159,206,156,75,34,145,177,175,182,124,178,142,136,132,149,77,177,112,94,158,85,92,141,160,191,142,171,198,168,183,187,181,212,183,173,152,174,170,141,159,130,150,147,163,35,107,109,149,199,129,166,170,162,149,168,164,174,149,228,175,159,145,132,129,139,131,154,167,155,186,177,166,160,174,172,184,162,184,166,158,169,172,156,164,177,166,169,179,162,152,157,152,130,160,154,156,172,151,172,155,168,161,145,142,132,180,173,177,166,180,146,157,165,140,180,159,178,151,176,157
169,189,155,114,147,102,164,108,167,219,164,168,157,156,144,133,97,127,139,118,169,148,149,135,152,94,116,135,140,164,161,148,127,172,95,182,99,147,126,127,174,147,147,110,112,152,160,114,118,114,162,171,148,95,57,172,159,127,150,128,131,167,131,138,155,64,211,193,92,144,68,88,157,181,161,172,222,190,164,183,167,164,176,188,183,179,150,178,171,151,137,142,142,171,101,92,101,162,170,155,149,159,168,156,164,160,145,172,191,189,156,167,151,154,144,178,175,165,179,169,155,164,179,159,159,166,155,168,177,162,171,175,158,164,178,166,168,177,170,174,161,155,153,164,171,151,167,172,166,196,145,147,161,151,156,163,174,148,167,159,171,155,161,127,157,165,188,144,174,148
177,178,120,185,160,165,148,146,186,170,163,154,126,170,117,156,131,154,163,157,140,144,163,162,169,162,135,149,131,141,142,140,154,150,123,156,134,121,125,139,178,146,167,132,134,178,176,160,149,151,136,146,145,100,120,142,148,111,167,90,121,140,208,110,135,84,203,172,155,168,159,146,181,208,172,181,179,176,186,178,210,232,197,143,181,200,153,109,166,164,159,183,144,164,141,143,137,156,165,161,161,178,176,156,182,162,167,167,172,168,185,207,167,140,168,175,176,197,209,179,149,154,185,158,171,161,160,177,178,168,164,175,179,167,166,181,175,156,165,203,170,176,201,160,199,161,125,184,210,130,182,169,176,172,169,163,165,150,180,166,159,161,185,152,176,193,155,157,167,136
167,172,158,163,171,173,162,176,163,181,138,155,163,196,142,176,151,176,160,143,176,154,178,165,171,163,193,153,161,156,148,177,166,163,171,163,157,149,146,179,163,151,172,164,164,186,171,180,189,167,183,177,129,164,128,142,160,109,159,110,128,134,222,119,148,138,198,132,201,182,97,167,190,178,200,194,191,196,178,183,189,215,204,190,185,184,218,170,189,176,167,141,182,172,145,171,163,190,186,166,168,173,170,193,179,171,184,164,167,175,172,166,156,204,196,170,174,181,164,192,164,130,149,173,186,154,184,194,180,156,181,186,167,170,187,176,178,176,187,165,178,175,180,170,175,156,175,217,174,154,178,184,179,176,196,189,165,168,198,173,178,154,162,231,167,165,181,163,164,160
174,158,175,173,179,170,185,172,166,165,163,184,182,189,170,181,164,182,160,167,174,171,174,178,156,167,202,160,175,171,173,185,175,179,180,177,178,168,175,182,179,170,180,170,191,166,183,180,206,201,208,190,200,203,157,174,178,124,163,179,193,173,201,181,181,213,158,165,179,195,171,188,195,174,191,170,202,180,165,184,197,205,167,190,204,174,224,216,213,202,219,197,184,170,186,183,154,154,157,163,156,179,182,177,154,168,173,157,186,173,191,211,189,202,179,152,176,191,169,169,164,162,183,170,182,164,182,154,192,168,191,189,161,182,178,172,190,165,168,190,171,189,187,169,192,177,174,191,178,182,194,174,162,186,225,191,176,183,181,188,193,179,209,175,183,164,170,167,166,185
168,154,175,171,179,169,186,173,189,162,159,167,195,189,194,172,167,169,152,166,159,166,157,171,172,164,169,148,186,184,182,174,185,179,167,168,180,167,174,147,180,162,163,165,202,165,165,155,179,174,171,166,174,187,164,172,195,175,185,181,144,158,163,181,168,209,205,211,225,214,218,197,191,165,189,168,200,192,196,213,165,177,191,206,227,205,183,184,200,216,191,187,168,196,183,151,170,177,172,152,157,173,181,172,164,179,181,168,193,157,177,176,174,164,130,147,194,199,158,176,164,148,155,172,182,163,177,179,209,159,197,162,191,195,193,161,175,188,191,178,178,188,187,169,193,213,210,185,177,185,188,159,197,194,187,177,168,175,211,185,197,203,176,159,178,174,165,138,170,180
155,166,159,160,169,171,165,179,165,182,191,176,196,159,168,156,183,174,175,176,175,185,176,187,175,160,153,166,187,168,168,182,171,177,191,184,176,161,187,183,160,162,173,175,172,163,143,178,178,184,184,166,168,170,167,166,170,180,197,190,136,177,193,189,179,198,196,199,181,200,186,202,178,159,200,197,180,199,200,182,197,196,223,198,209,230,197,207,188,172,176,174,195,162,169,182,170,194,181,132,167,167,176,164,169,165,179,173,174,163,191,175,192,166,146,189,194,202,168,186,183,193,179,188,179,186,177,169,174,155,179,170,168,177,173,166,176,196,176,205,183,185,166,194,188,184,176,171,191,181,186,196,218,192,160,176,172,165,220,188,196,195,182,183,177,163,191,160,178,172
152,166,154,160,161,170,160,174,180,181,171,162,177,156,174,175,164,166,173,172,170,192,174,178,172,161,149,191,198,173,158,178,172,153,166,162,164,165,171,172,155,171,170,169,151,160,150,192,149,176,169,132,171,170,183,199,181,171,176,193,173,164,175,165,166,182,160,166,186,181,178,168,188,164,195,191,165,196,193,171,173,173,186,192,187,195,202,203,232,211,211,197,182,191,176,172,181,187,168,147,173,170,171,150,169,155,170,176,165,165,164,170,189,162,171,183,153,175,177,161,177,176,160,179,186,182,181,197,175,174,175,190,180,175,174,173,183,176,190,193,195,180,203,189,166,185,191,171,182,175,178,189,157,162,172,175,187,179,193,213,183,162,183,181,160,172,184,185,177,172
155,150,156,165,153,163,167,158,172,157,170,189,175,159,173,171,157,176,169,175,161,196,163,163,176,165,145,178,185,174,147,154,172,159,170,165,154,159,156,174,153,173,157,160,165,153,170,168,158,172,152,153,141,171,162,170,177,187,173,172,194,175,182,179,170,186,146,150,171,192,191,190,186,166,180,170,175,193,185,188,172,163,170,170,154,177,198,210,182,160,199,168,189,162,182,219,208,156,164,198,147,158,200,164,186,166,147,160,183,178,143,178,170,170,183,167,184,181,179,177,164,178,172,165,186,174,173,171,177,165,158,172,196,171,175,158,165,208,193,189,173,202,207,189,174,212,226,185,168,174,180,186,197,193,181,167,173,176,197,193,169,178,176,184,188,191,186,186,173,182
151,150,146,163,142,164,160,154,201,166,156,163,168,177,165,146,155,178,158,157,152,182,157,160,167,167,165,163,163,148,138,152,166,158,143,156,165,184,167,166,146,172,179,169,169,137,177,174,179,167,175,220,166,204,183,175,163,192,186,166,180,186,174,157,181,169,192,148,178,165,177,192,156,163,183,180,164,178,153,162,161,168,176,162,148,178,181,194,185,185,177,164,184,206,201,210,163,185,159,165,193,162,175,222,223,207,160,152,180,168,144,175,163,177,175,168,197,186,158,170,167,177,179,217,228,187,158,179,165,176,168,186,181,177,171,181,175,206,183,183,192,179,185,205,207,179,173,178,178,191,202,228,180,182,189,218,233,226,232,175,155,180,182,163,207,150,181,171,175,193
145,167,129,158,134,174,143,164,149,169,172,152,171,188,165,164,156,171,152,135,157,172,173,179,172,159,168,160,183,159,146,148,160,179,150,169,169,183,172,165,160,158,175,153,150,139,167,180,198,159,179,174,166,158,170,182,192,168,168,179,171,192,172,163,181,173,179,191,165,165,167,204,147,167,185,186,114,167,157,168,146,184,153,170,169,165,190,194,214,179,179,190,168,170,197,183,170,183,191,177,219,170,198,200,142,172,172,167,178,162,169,170,167,166,166,179,145,188,170,143,157,198,166,194,179,197,161,178,169,165,182,160,188,170,171,172,183,194,157,192,173,193,192,194,185,176,180,178,166,196,191,184,202,190,201,190,211,216,207,224,201,179,166,161,189,176,167,178,178,175
151,143,136,151,156,150,155,168,137,166,160,153,166,172,166,155,169,161,153,159,171,189,166,172,148,151,168,165,165,144,167,147,166,180,169,185,164,174,160,149,162,151,196,138,163,170,159,164,170,136,181,166,181,164,170,166,173,179,181,163,147,177,169,170,204,178,180,164,144,179,168,182,142,157,163,172,129,141,150,164,152,145,144,172,180,197,177,205,202,178,164,208,190,175,234,233,219,178,188,185,213,162,155,163,171,156,165,164,194,205,142,171,170,174,176,155,148,169,171,149,168,166,182,172,166,220,178,170,170,177,184,165,175,179,177,174,205,172,167,198,184,174,176,201,187,190,199,188,173,177,206,230,172,179,171,195,208,166,152,180,189,176,215,202,194,193,178,170,178,184
156,139,151,158,157,143,160,161,149,153,158,153,165,173,161,167,176,167,146,161,192,191,151,168,159,195,173,162,174,159,156,148,149,183,173,156,188,182,167,157,185,154,169,153,169,148,157,143,180,156,160,180,175,167,176,158,167,162,161,215,161,175,192,163,202,177,183,171,169,196,158,174,131,124,142,168,158,138,134,148,142,129,162,144,157,177,156,155,161,184,150,227,223,227,205,170,210,181,185,204,225,191,155,170,156,174,152,205,127,207,158,173,177,182,153,181,195,173,175,175,173,184,184,170,178,162,190,164,167,166,172,164,180,172,158,157,175,187,169,174,179,166,176,192,187,181,165,150,175,184,169,191,182,211,207,182,194,176,183,176,185,188,206,200,196,188,192,182,196,213
160,138,165,163,159,138,160,152,161,141,155,155,160,167,153,173,170,142,162,171,139,164,178,153,179,190,174,159,178,156,141,149,155,166,159,173,168,162,149,144,165,156,166,161,168,148,176,186,182,161,154,180,171,171,171,155,174,147,161,181,165,165,221,174,183,165,189,164,171,210,170,151,122,138,187,155,159,119,110,146,135,95,121,161,147,180,165,205,182,144,145,197,191,181,181,174,199,192,198,214,203,214,176,188,148,156,159,182,134,162,172,159,168,153,172,200,206,211,177,201,168,168,181,175,172,165,175,176,181,185,184,165,171,155,144,155,160,159,141,187,195,158,146,148,179,183,205,198,186,187,182,207,208,192,168,178,194,180,207,228,205,180,176,158,182,206,195,193,180,195
159,144,166,161,159,142,151,150,162,139,153,159,158,157,150,168,153,154,172,169,150,171,181,157,163,112,180,140,158,174,157,165,153,147,158,194,160,160,166,160,174,160,161,151,164,153,143,176,180,157,161,144,146,165,175,207,173,155,165,166,167,192,177,174,172,158,201,166,163,182,186,159,155,142,190,105,113,111,125,117,103,107,126,153,149,148,181,160,220,143,140,174,167,220,190,179,212,231,188,136,130,197,159,155,134,159,159,160,154,156,162,164,167,154,162,192,153,162,176,177,158,169,147,177,175,171,193,180,177,177,173,162,192,187,161,149,177,160,149,192,179,190,186,168,169,171,197,210,183,175,179,200,195,192,158,183,165,167,173,178,170,190,164,171,191,186,201,189,181,181
154,154,158,153,159,152,137,151,150,145,151,164,162,156,160,165,169,158,165,168,159,162,176,169,165,183,200,163,156,176,223,137,168,171,186,171,167,153,167,141,167,168,171,157,149,167,159,173,161,163,165,144,150,164,155,190,209,178,177,168,183,193,150,181,171,157,187,155,166,136,171,187,166,148,151,187,98,101,104,96,96,88,159,119,119,162,139,151,178,164,188,193,174,171,156,186,180,217,192,151,156,170,133,166,140,162,150,145,147,165,145,170,170,167,192,226,178,172,170,169,174,167,158,162,177,179,197,181,181,193,202,182,178,155,141,148,163,144,162,168,151,155,166,181,179,190,176,190,184,163,159,199,161,167,150,192,165,154,173,190,159,170,177,168,179,186,168,185,178,171
152,157,155,148,159,157,130,149,142,149,149,161,167,163,167,163,171,173,155,150,174,168,159,148,171,150,163,175,160,165,165,170,162,157,167,162,159,163,178,147,180,158,152,181,144,152,185,216,212,206,150,151,166,206,202,202,190,189,211,211,228,204,174,149,175,172,164,122,176,154,162,187,127,171,137,196,184,155,144,102,92,103,111,132,139,148,149,197,144,132,174,199,207,160,193,194,157,159,174,156,148,180,223,239,199,146,142,144,158,158,140,166,172,171,188,168,156,186,161,190,179,165,185,176,172,200,173,180,180,179,195,193,194,170,150,147,143,136,174,157,181,138,131,175,169,178,175,187,163,148,145,182,165,185,169,163,162,161,197,178,167,183,160,169,176,169,171,178,179,178
156,153,163,148,159,155,133,142,149,149,147,149,164,166,153,154,136,166,223,218,159,140,176,150,159,191,165,157,142,164,165,141,178,179,171,172,151,161,167,150,201,221,187,161,145,211,205,190,175,170,152,171,181,227,225,186,179,216,197,216,190,213,197,168,188,184,175,121,160,191,158,154,139,136,129,109,197,58,74,100,81,114,132,107,162,136,124,157,135,140,169,200,173,196,186,131,154,170,217,205,177,198,196,77,207,151,138,173,155,168,138,169,155,182,169,152,153,164,166,165,169,184,172,197,178,185,181,172,164,178,212,209,201,183,157,128,129,150,159,124,168,165,153,160,175,162,185,191,161,177,150,160,173,160,137,161,184,151,177,166,156,166,192,190,175,174,151,186,172,174
161,147,173,152,160,150,140,135,162,148,146,136,156,163,131,140,167,174,191,196,183,156,173,165,160,198,156,159,152,152,192,141,152,206,191,133,165,157,160,163,154,169,155,150,166,196,130,200,152,154,221,207,181,207,215,178,183,210,190,186,179,186,188,189,187,165,191,143,114,167,122,113,138,132,119,88,125,139,82,84,65,114,119,86,140,145,94,143,144,138,188,186,197,229,190,175,212,205,203,205,190,160,174,152,128,146,153,161,132,155,139,162,165,143,170,159,149,163,162,185,189,170,185,169,181,172,181,180,169,168,178,159,177,211,197,137,161,165,142,142,152,167,151,144,165,170,196,169,153,184,126,161,174,174,132,147,161,154,180,168,151,148,158,168,162,163,144,170,175,172
161,150,174,155,160,155,138,152,154,125,140,141,148,156,138,228,220,210,150,160,165,175,215,220,151,166,168,165,169,156,183,144,159,170,179,165,177,175,153,166,144,145,161,157,174,214,138,194,141,173,164,178,196,214,204,136,167,159,191,199,176,171,187,160,185,157,204,173,98,184,121,134,101,118,115,96,113,159,72,81,77,98,104,77,139,94,131,133,156,132,170,150,175,185,142,179,161,150,159,203,185,188,184,219,193,147,143,177,193,214,215,190,154,142,152,167,159,166,197,190,193,176,154,180,159,175,184,169,152,197,163,196,183,187,164,118,118,180,156,141,156,143,156,145,159,177,170,166,174,167,161,184,163,163,107,164,180,163,162,169,143,146,158,166,161,155,160,164,165,165
167,156,177,163,148,149,151,159,142,143,147,140,161,132,131,146,146,157,153,170,161,163,196,186,181,180,154,199,165,178,174,144,196,175,193,210,205,173,182,216,130,164,173,165,186,200,202,173,140,146,167,179,169,181,156,152,169,153,190,189,189,164,188,162,181,169,173,178,129,190,114,105,122,81,85,163,91,98,116,64,89,102,85,71,93,78,131,129,138,137,158,138,185,187,157,200,203,190,140,208,166,200,162,192,191,222,227,237,217,237,205,172,157,165,178,171,148,178,168,194,168,173,169,159,171,176,170,171,160,167,160,165,164,168,135,113,163,169,137,127,175,134,164,137,158,149,153,166,169,169,168,165,144,130,135,183,157,151,177,180,162,162,156,164,180,158,141,172,166,165
172,161,147,149,159,170,160,153,141,144,142,198,217,207,138,161,173,166,169,170,153,168,190,164,144,173,164,167,164,153,158,139,177,187,167,164,162,177,240,211,151,202,178,132,154,171,181,157,160,182,220,153,145,175,186,180,178,187,165,191,179,182,166,178,171,182,178,170,146,139,114,60,95,110,80,99,69,60,163,137,63,114,75,64,68,91,125,96,128,108,147,152,156,156,198,226,229,229,197,187,144,174,199,194,200,205,192,156,182,162,176,203,161,195,202,180,161,184,160,191,206,171,173,166,161,164,160,169,166,161,181,175,176,158,129,118,180,149,142,116,130,166,146,149,164,134,151,170,157,160,169,142,129,135,174,173,128,140,157,130,130,152,157,141,150,150,142,174,169,172
164,156,165,219,204,162,147,159,139,150,147,191,124,173,132,143,161,160,163,168,158,193,190,162,180,147,170,150,181,144,195,155,141,162,159,162,151,184,207,184,110,173,141,146,148,184,163,174,165,191,195,194,152,187,181,198,209,208,198,193,213,177,167,150,154,140,154,158,185,97,154,91,83,84,91,69,102,91,173,130,64,115,86,85,68,99,122,77,121,136,147,126,136,132,167,160,155,188,172,228,188,187,168,173,185,154,160,167,161,178,205,197,178,198,182,172,193,193,176,157,225,182,162,175,152,169,159,163,152,156,164,167,166,151,169,170,190,154,146,152,151,135,144,150,154,131,158,169,154,163,186,160,131,133,161,167,164,151,161,174,179,145,148,156,159,157,147,163,168,165
161,165,151,165,151,159,160,128,164,195,154,153,141,143,158,161,155,175,170,171,157,208,208,217,149,162,170,138,184,155,170,142,149,180,211,221,168,208,159,213,126,172,134,195,149,180,163,156,190,168,158,177,152,174,170,210,173,151,160,185,176,183,202,148,143,174,153,146,151,64,119,79,91,108,114,85,66,115,151,116,84,72,64,100,107,119,117,74,139,131,138,155,187,195,232,219,209,242,183,179,169,182,175,187,206,181,161,170,193,185,169,166,154,177,184,175,161,150,158,155,170,190,155,158,163,181,161,154,152,165,171,183,167,158,159,152,142,174,153,174,139,161,156,132,162,155,171,163,157,166,188,169,200,179,157,150,174,153,146,145,159,171,181,157,147,165,162,153,177,178
167,172,138,156,185,162,156,194,224,217,172,148,190,166,155,160,123,156,158,164,145,171,156,162,141,152,187,171,174,148,165,131,128,170,212,158,177,146,177,203,157,169,148,168,147,184,156,171,184,159,206,159,176,180,166,164,152,167,149,160,182,177,177,150,198,230,210,143,198,86,127,98,83,127,129,93,136,146,151,88,106,94,84,86,138,136,101,118,151,144,195,223,196,190,222,209,239,190,138,180,144,166,185,207,169,180,224,223,211,159,175,196,195,180,186,186,162,188,164,168,147,171,160,157,164,158,163,150,165,155,158,165,153,183,176,179,140,150,178,155,166,136,159,160,176,173,175,153,161,160,167,151,195,191,194,179,181,181,190,169,158,162,146,153,183,174,154,163,165,169
144,163,147,171,235,207,156,161,164,146,165,139,148,208,225,217,155,160,160,165,159,173,177,167,178,155,156,158,186,134,135,148,115,169,146,167,164,157,179,193,171,160,167,138,160,183,135,163,178,180,214,171,156,174,159,162,159,161,156,228,165,201,204,156,171,152,117,147,177,137,123,143,91,138,117,179,146,146,146,149,188,128,91,62,161,193,112,125,165,207,223,172,136,166,183,203,221,143,160,173,176,172,207,160,197,225,202,194,177,192,171,175,183,173,177,175,155,182,160,169,163,156,162,166,154,145,156,157,160,153,154,172,156,172,164,156,142,205,180,160,165,142,179,156,164,160,168,156,171,159,163,152,186,125,145,184,207,205,186,175,168,197,174,167,179,168,168,174,175,169
179,153,164,160,151,149,166,155,191,210,176,141,175,157,146,162,130,125,150,164,167,163,179,148,160,188,193,178,160,156,142,123,128,150,166,134,153,174,174,174,178,151,154,146,165,168,170,162,138,193,230,180,161,164,184,156,159,163,149,151,163,144,177,167,173,147,193,147,154,122,160,146,117,162,156,150,173,126,158,171,145,65,122,122,150,184,126,135,147,130,166,175,154,190,187,200,181,157,162,189,181,174,182,217,210,176,177,183,157,171,199,194,166,171,161,161,173,176,175,161,149,166,157,156,155,172,144,167,153,161,142,173,156,146,179,164,140,170,166,151,187,178,162,154,163,156,176,172,180,154,159,152,168,133,179,190,175,162,144,188,192,182,155,169,162,142,166,167,175,178
161,164,167,163,164,152,170,166,168,166,159,150,178,149,161,160,163,108,151,161,167,163,166,152,162,201,215,187,161,157,133,121,151,128,181,208,215,200,139,145,181,149,147,175,186,172,161,161,160,143,233,171,165,177,154,165,178,191,149,160,145,153,158,142,150,143,170,144,160,145,159,147,161,150,143,156,180,151,173,161,161,134,130,127,170,156,150,159,163,152,166,187,173,168,190,189,196,172,176,179,190,183,182,180,173,170,166,178,177,162,164,167,161,162,175,166,162,151,161,160,161,162,161,150,158,150,155,163,159,163,173,162,154,165,168,168,170,173,150,135,176,168,157,172,178,168,177,175,156,160,170,158,174,187,174,154,158,164,176,201,168,157,161,159,179,155,162,148,156,162
157,173,148,157,168,149,170,162,142,160,145,221,214,216,176,157,172,134,205,196,180,158,196,172,142,158,126,141,151,153,194,122,171,160,219,219,201,153,159,169,151,151,158,168,160,155,177,194,159,166,209,154,168,161,189,172,173,186,154,163,168,195,178,137,159,146,157,183,179,161,166,183,199,176,214,182,168,172,176,167,168,160,162,145,169,158,162,177,167,170,178,179,163,173,194,179,199,179,181,187,178,162,161,173,181,177,169,174,172,163,171,175,166,164,170,166,161,156,160,157,152,172,157,153,167,176,166,179,180,174,170,155,153,161,158,159,158,170,148,137,171,168,154,170,175,171,163,167,158,156,170,154,171,182,178,171,208,200,184,180,191,172,156,155,163,150,154,149,154,161
147,161,153,185,200,177,171,181,178,169,152,178,132,167,185,147,165,167,176,147,168,164,201,167,159,129,195,135,162,156,152,157,175,176,192,156,149,148,201,166,165,178,175,169,151,146,168,169,168,195,203,168,179,168,208,196,148,172,166,160,151,186,193,191,157,182,198,180,185,185,218,201,174,160,208,172,164,182,172,170,172,171,175,153,171,167,168,173,172,161,161,172,172,177,182,156,183,197,200,181,171,184,189,173,163,166,162,167,166,159,164,163,164,160,160,165,160,165,164,161,163,159,160,168,231,194,165,162,167,164,158,148,157,163,159,172,166,168,161,162,164,174,171,169,158,164,149,165,170,160,171,154,170,172,199,185,176,158,170,155,166,159,151,173,172,159,151,151,158,163
160,156,163,151,141,162,157,200,192,185,161,128,154,172,171,154,146,140,191,171,162,160,141,224,221,128,188,151,151,173,181,134,135,159,183,191,176,153,172,144,153,198,224,229,199,173,179,166,178,184,175,170,180,197,175,177,157,160,170,177,170,181,168,179,150,161,175,174,191,166,195,171,157,165,167,165,193,180,165,165,169,171,178,163,177,175,171,171,208,188,173,177,177,181,182,157,188,182,182,172,178,171,179,163,150,159,159,164,164,161,166,161,161,161,158,167,157,166,164,164,164,154,163,158,199,154,154,169,160,166,165,157,161,156,149,171,172,156,166,176,144,166,178,155,156,161,148,159,172,165,165,161,160,169,169,155,167,162,165,169,160,150,140,160,161,157,167,183,157,158
154,152,170,156,161,211,180,163,162,152,162,160,162,171,148,176,175,164,160,161,154,177,195,203,164,173,169,192,155,155,191,134,141,160,173,178,180,162,166,170,156,177,188,193,177,167,181,178,164,172,171,165,167,189,148,161,177,163,174,187,186,185,163,175,193,172,147,188,191,176,179,176,164,177,164,177,201,177,172,170,161,162,174,168,169,163,162,173,181,200,203,192,182,191,193,162,175,163,167,156,176,157,176,156,153,160,155,154,154,157,168,167,166,168,165,170,153,159,157,160,157,165,155,155,141,159,160,166,163,169,169,163,166,157,147,169,170,162,164,170,145,162,169,158,172,163,158,152,163,164,151,167,173,156,162,174,151,168,170,143,176,159,151,164,172,155,162,167,171,172
165,161,150,159,180,210,207,184,173,171,153,155,204,214,160,207,163,145,148,167,179,167,175,175,157,199,157,159,179,121,165,191,153,161,165,148,186,186,177,164,171,165,173,184,184,178,170,163,161,179,179,164,174,173,162,164,179,174,180,170,161,170,179,206,188,183,169,176,172,169,180,172,165,164,185,179,163,168,178,175,171,157,161,163,166,163,161,171,156,178,187,185,179,181,180,158,157,166,173,153,169,160,188,162,153,160,156,157,155,154,163,162,166,166,167,168,157,158,159,158,164,158,156,165,162,176,167,146,162,159,158,156,165,166,159,172,166,179,163,158,169,169,159,176,167,154,164,158,166,167,144,165,138,162,161,171,156,168,161,173,215,185,160,159,167,154,159,159,157,162
159,176,161,153,165,157,174,197,176,168,182,179,160,143,128,124,143,180,143,159,168,162,209,186,157,170,162,184,196,105,178,182,172,176,176,173,177,166,168,175,173,166,187,180,164,165,168,190,178,168,161,172,194,180,164,160,181,179,178,168,166,172,175,179,168,168,193,193,191,158,167,167,175,165,190,172,143,164,169,165,185,163,160,166,173,179,172,173,192,185,170,166,162,159,164,159,167,166,160,168,164,144,163,159,157,164,164,169,166,159,165,164,167,159,162,162,165,164,165,156,163,151,164,152,169,149,165,164,170,163,163,158,160,164,159,164,162,168,157,152,173,163,156,173,160,148,158,164,172,169,152,165,181,177,174,175,151,166,173,170,192,186,173,187,180,169,160,157,157,164
200,215,192,153,208,226,198,202,196,176,173,207,157,149,175,181,154,158,163,204,162,186,226,227,183,188,179,191,182,166,167,164,140,184,181,184,151,179,182,163,175,165,192,181,167,169,158,178,171,158,178,213,195,169,143,190,170,172,177,179,180,175,177,178,179,175,176,184,167,174,165,171,166,163,160,156,158,171,166,164,166,156,161,165,164,170,167,171,165,183,179,168,161,164,167,153,151,172,154,161,149,163,173,152,157,160,155,159,156,151,162,168,174,158,159,157,171,167,165,148,159,163,155,142,167,172,173,173,166,166,175,169,160,164,165,170,172,150,159,163,166,158,169,163,173,157,149,158,165,161,164,172,181,184,175,161,157,166,181,193,177,186,172,188,164,170,174,192,161,167
151,161,185,220,219,170,177,174,169,164,191,199,193,178,191,188,171,185,171,192,170,178,177,171,168,172,172,174,187,168,182,197,153,178,190,188,143,178,168,176,182,177,183,178,169,166,159,161,172,156,172,177,160,173,180,168,185,169,177,183,165,168,186,187,177,179,160,172,171,165,161,176,170,160,188,170,172,164,167,157,159,159,142,165,159,163,167,161,164,172,164,154,160,161,154,155,160,161,172,154,167,160,152,161,158,171,159,154,169,157,145,165,164,156,163,161,168,175,153,144,159,165,141,158,160,170,179,164,176,165,168,179,176,164,161,164,175,152,153,175,159,151,171,159,164,162,163,156,148,157,162,150,161,177,168,151,156,169,173,176,184,195,205,183,169,159,178,192,178,183
157,182,185,179,179,164,179,161,177,190,179,172,162,160,168,201,168,176,202,169,178,166,188,180,172,176,173,176,180,167,173,179,176,165,173,176,162,161,167,178,173,185,182,165,169,171,156,160,178,199,166,147,174,169,170,182,177,164,163,172,163,169,171,164,172,176,163,172,175,166,161,165,168,163,179,155,155,161,164,149,149,166,147,153,173,160,162,174,168,171,164,160,166,162,158,163,160,164,173,157,166,158,148,155,158,162,150,153,178,177,162,164,166,154,157,156,161,163,151,153,163,160,154,168,147,144,172,168,162,165,173,178,169,156,159,174,165,155,154,166,155,153,167,151,161,163,164,159,156,160,159,147,173,173,158,148,160,171,173,175,184,176,173,164,174,175,180,174,190,196
152,179,173,163,171,165,175,164,161,175,155,166,152,157,140,163,175,171,188,173,180,187,176,173,175,179,171,176,173,173,175,172,168,163,167,170,170,159,167,160,171,185,175,159,175,172,150,164,168,188,171,162,181,168,184,165,164,166,162,174,171,183,175,171,157,171,171,165,163,155,171,182,181,166,171,166,164,163,163,164,145,163,156,152,174,148,161,171,181,171,162,166,168,156,151,162,160,167,173,160,167,159,149,154,160,166,164,166,178,181,172,166,145,153,169,168,162,158,150,155,155,164,169,158,148,173,204,162,153,167,172,170,165,154,158,180,156,158,156,157,154,158,163,148,161,167,164,160,164,167,161,154,176,170,157,154,164,171,172,175,174,167,165,158,171,172,175,168,166,171
144,166,161,163,178,170,170,171,182,163,151,174,152,164,163,169,186,174,158,183,176,191,159,169,175,181,166,172,166,177,176,168,156,172,165,176,165,164,167,158,175,172,166,166,179,167,149,170,170,158,173,172,165,157,194,160,162,181,175,175,165,172,163,169,160,177,183,170,170,164,189,194,173,165,166,172,168,165,162,167,156,154,161,163,163,153,192,192,183,161,152,166,171,159,157,171,160,170,171,162,167,164,157,161,155,162,167,163,162,168,164,153,163,168,168,155,149,155,160,162,168,156,155,156,164,166,179,146,156,169,166,160,165,160,158,174,154,160,157,154,158,163,162,156,160,166,159,154,166,171,165,165,167,168,166,164,166,168,170,172,169,169,175,165,167,159,166,166,172,172
150,167,158,156,167,170,166,168,195,166,163,175,162,158,178,197,178,176,167,171,175,156,164,177,169,180,165,168,165,174,168,158,169,175,160,174,168,164,169,173,174,161,165,170,171,165,158,170,161,158,174,163,173,152,162,166,162,184,178,171,165,172,169,181,159,164,167,160,169,164,169,148,155,177,177,162,159,172,172,157,163,158,160,170,165,172,217,222,193,163,152,168,172,158,156,167,163,174,165,159,164,166,162,164,158,158,158,157,160,171,168,148,183,168,150,147,150,153,158,159,162,161,159,154,163,148,153,152,157,171,164,153,160,160,157,167,158,158,156,156,164,167,163,169,157,163,156,153,165,170,165,166,161,166,169,164,162,169,171,165,170,167,171,165,169,160,161,157,166,164
161,161,154,165,170,165,156,169,179,162,157,158,180,153,157,181,152,176,177,170,179,154,169,167,156,176,166,167,174,174,164,157,166,174,168,158,171,170,172,161,166,164,171,163,159,169,171,172,161,162,171,162,180,157,147,167,165,175,172,164,176,184,189,195,172,174,172,169,171,170,171,148,158,180,176,158,161,165,171,160,155,168,161,172,182,171,185,191,189,160,153,167,167,155,153,159,166,177,157,155,159,165,162,161,157,160,162,160,160,169,169,157,162,148,142,160,160,143,153,170,160,176,169,150,157,154,156,167,153,172,169,153,151,155,158,165,162,154,156,159,168,169,165,177,160,163,161,161,168,170,166,164,164,163,163,159,159,171,172,158,161,159,167,164,170,160,161,158,167,165
164,155,154,174,171,166,156,170,178,160,151,145,175,156,157,169,145,169,166,173,178,176,158,156,151,176,167,161,180,170,162,164,154,176,176,157,160,176,164,153,165,174,175,157,158,171,176,190,194,173,159,157,160,157,167,167,172,169,169,155,171,167,174,171,168,172,167,169,157,163,170,158,161,168,163,155,168,152,163,162,157,164,167,173,192,164,167,152,158,142,148,165,164,159,163,166,166,177,151,152,156,165,161,156,148,156,160,157,158,162,163,160,151,147,144,161,159,145,164,185,181,166,155,163,158,145,141,168,153,170,172,155,148,158,165,164,163,153,160,163,169,174,169,178,165,163,165,166,166,170,172,167,165,161,164,166,163,168,170,161,156,160,173,172,174,161,164,166,173,169
160,165,162,158,149,172,167,161,161,147,161,162,161,154,167,158,159,158,162,160,174,173,151,165,156,181,168,151,176,158,154,164,163,179,170,173,146,168,147,178,171,182,173,157,167,171,174,210,206,192,157,165,168,162,167,144,168,161,171,154,169,156,169,164,169,170,162,175,163,171,168,150,162,176,174,157,179,167,178,164,175,152,170,175,192,171,201,165,156,148,159,171,161,154,157,156,165,176,147,151,156,167,162,155,156,156,153,159,176,183,175,168,150,156,153,169,179,173,170,153,162,161,163,166,149,163,166,172,158,169,170,156,151,166,174,163,164,154,166,167,169,178,172,175,165,158,161,162,158,165,175,171,161,159,173,180,168,162,167,167,168,167,177,177,183,170,169,166,174,168
180,160,158,161,151,170,167,157,138,157,161,159,155,155,157,161,168,150,159,158,168,164,158,150,150,154,168,153,165,164,152,159,160,175,193,168,155,163,156,170,161,160,157,163,167,179,162,164,159,164,162,160,158,171,158,161,169,161,157,153,161,167,161,169,166,159,160,163,160,159,161,159,164,169,171,178,183,170,183,168,165,155,170,174,160,157,186,177,152,155,165,163,148,151,161,158,165,166,153,150,164,162,158,171,162,162,142,166,203,164,154,162,158,187,178,165,169,165,141,166,173,162,158,158,141,160,170,169,154,176,172,162,168,155,164,160,161,158,171,172,171,176,172,169,173,176,161,159,165,167,171,166,167,173,172,169,170,168,164,167,177,167,171,181,168,178,168,164,167,165
165,150,152,157,145,164,162,154,137,151,154,157,157,154,155,158,170,154,161,158,166,161,155,150,155,155,165,151,168,169,155,161,174,176,175,158,156,164,159,163,166,165,162,166,167,178,163,165,162,168,167,162,156,167,155,158,169,161,158,153,160,164,157,164,163,158,161,164,161,160,164,164,170,174,166,167,176,163,177,171,159,161,164,163,164,151,168,176,163,161,165,159,147,154,168,167,158,164,155,152,161,159,157,173,166,149,169,189,171,145,164,158,155,170,158,154,169,177,152,164,164,159,160,164,151,162,164,169,171,178,172,163,165,154,166,160,162,161,172,172,169,173,169,170,173,175,162,161,166,168,171,166,165,169,167,166,169,168,163,163,176,170,176,179,162,173,166,163,167,165
158,149,157,162,146,161,160,154,141,147,146,156,165,154,155,154,168,155,162,157,164,158,154,155,159,153,160,148,169,173,158,162,177,173,160,157,159,161,164,158,172,169,167,169,165,174,162,166,162,169,170,164,153,165,155,157,171,163,160,156,162,163,154,159,164,161,165,167,161,160,165,167,173,180,163,159,175,159,170,173,168,180,171,167,182,157,162,189,169,164,165,158,148,158,172,170,151,160,158,154,159,156,159,174,170,148,193,199,155,142,170,163,171,171,157,155,168,182,160,161,161,161,162,167,160,165,160,180,193,179,172,166,163,154,169,160,164,164,174,171,167,169,166,172,174,174,163,164,168,168,172,165,164,166,163,164,170,168,162,162,171,171,180,175,157,169,168,164,169,168
160,156,168,172,150,161,159,155,149,147,142,158,175,156,157,152,162,154,161,154,163,157,156,163,158,150,156,144,167,171,158,164,164,168,157,166,163,154,167,159,173,168,168,170,160,169,161,166,162,165,168,163,153,168,159,157,173,166,164,160,166,166,155,159,168,168,172,171,160,158,163,165,172,184,163,160,182,160,164,173,172,182,171,169,186,156,159,190,166,162,164,159,152,162,172,165,147,157,158,156,158,158,162,174,168,158,193,181,164,159,162,170,169,167,161,163,168,188,180,182,168,165,163,164,162,166,161,199,209,177,172,168,162,155,170,160,163,166,174,169,166,166,164,176,175,172,164,167,168,168,173,165,162,165,164,166,171,167,163,165,166,169,179,169,156,171,174,168,172,171
